Date,Close,High,Low,Open,Volume
,AAPL,AAPL,AAPL,AAPL,AAPL
2018-01-02,40.267066955566406,40.27641925330551,39.56579443310673,39.77617832995853,102223600
2018-01-03,40.26005935668945,40.802378551359595,40.196947390215975,40.330187330739136,118071600
2018-01-04,40.447078704833984,40.549932623249475,40.22500969017766,40.33253619262437,89738400
2018-01-05,40.90757751464844,40.994066679999236,40.451750935713896,40.542916251500806,94640000
2018-01-08,40.75563430786133,41.05016756597909,40.65745298829791,40.75563430786133,82271200
2018-01-09,40.750953674316406,40.921595685232134,40.53589715868877,40.802380620103136,86336000
2018-01-10,40.74159622192383,40.743936079890894,40.440050593275295,40.477452652181725,95839600
2018-01-11,40.97303771972656,41.02212839218549,40.78837075865585,40.81174438189376,74670800
2018-01-12,41.396114349365234,41.45922987236905,41.05950298248666,41.18339417073276,101672400
2018-01-16,41.18574905395508,41.933772604993706,41.17406046145214,41.58547252280897,118263600
2018-01-17,41.86598587036133,41.901048082180715,40.923943066330935,41.176398125146065,137547200
2018-01-18,41.90338134765625,42.09974042023661,41.6672874824555,41.929094823419305,124773600
2018-01-19,41.71636962890625,41.97817691644085,41.47092351341417,41.75143183103793,129700400
2018-01-22,41.375091552734375,41.55742217931307,41.28158994771982,41.44521953992409,108434400
2018-01-23,41.38443374633789,41.945453988337626,41.333010368506855,41.44521299016399,130756400
2018-01-24,40.72523498535156,41.44520856729474,40.48680131877495,41.43351997804808,204420400
2018-01-25,39.99825668334961,40.89588486778186,39.862676869004524,40.793030969529916,166116000
2018-01-26,40.091766357421875,40.20630887024904,39.752818536712894,40.20630887024904,156572000
2018-01-29,39.26190948486328,39.77617524811732,39.05386546199367,39.77617524811732,202561600
2018-01-30,39.0305061340332,39.124007745796824,38.499875391787135,38.693894624711604,184192800
2018-01-31,39.138023376464844,39.37412077565685,38.92063057543217,39.00711972420556,129915600
2018-02-01,39.2198486328125,39.416204154709504,38.9814148894474,39.077256358536815,188923200
2018-02-02,37.518089294433594,38.990762671698725,37.42458769489759,38.80375590576933,346375200
2018-02-05,36.58071517944336,38.30818309023463,36.466172711856956,37.19082244248908,290954000
2018-02-06,38.1094970703125,38.270790367350905,35.99866645876102,36.19268567354218,272975200
2018-02-07,37.293678283691406,38.19598257725575,37.183815515739305,38.123518306819236,206434400
2018-02-08,36.267486572265625,37.634969821723445,36.23943680447615,37.46900037296808,217562000
2018-02-09,36.71108627319336,37.0584569628266,35.262922282513344,36.86599613070262,282690400
2018-02-12,38.18975830078125,38.46671505344137,36.969260475488554,37.201625228363696,243278000
2018-02-13,38.57234573364258,38.66857795561748,37.94097353876356,38.011387447072025,130196800
2018-02-14,39.28351974487305,39.32342012499602,38.22967123455398,38.26722221611662,162579600
2018-02-15,40.602596282958984,40.62606519891659,39.666099508224036,39.85151934431027,204588800
2018-02-16,40.47114181518555,41.03210351492394,40.31623556104345,40.454713937633706,160704400
2018-02-20,40.33501434326172,40.90066411551989,40.23408693219044,40.38195574267661,135722000
2018-02-21,40.151947021484375,40.867811539145606,40.13786137607023,40.56503641863772,149886400
2018-02-22,40.48758316040039,40.827912853294784,40.302163340873086,40.32328643776861,123967600
2018-02-23,41.191715240478516,41.22692040214116,40.73168083348682,40.76219436119442,135249600
2018-02-26,42.00615692138672,42.10473494491624,41.35835694616437,41.391216287340875,152648800
2018-02-27,41.870025634765625,42.360569950834076,41.81604319718002,42.03667174392078,155712400
2018-02-28,41.806663513183594,42.393440189851454,41.79023562856521,42.074233534488116,151128400
2018-03-01,41.074363708496094,42.19628032785042,40.525141647587134,41.9052378328404,195208000
2018-03-02,41.35835647583008,41.37947957033199,40.47584232615504,40.55799246886187,153816000
2018-03-05,41.50153350830078,41.71746684872899,40.961698366530335,41.12364926720145,113605600
2018-03-06,41.46632385253906,41.837167053383304,41.33958169646813,41.75736630395347,95154000
2018-03-07,41.081398010253906,41.273862430596104,40.903019234965775,41.06027491477236,126814000
2018-03-08,41.529693603515625,41.57193979190114,41.09078593320187,41.187014556102035,95096400
2018-03-09,42.24321365356445,42.24790886845284,41.635314046604286,41.7691008104262,128740800
2018-03-12,42.651611328125,42.80886700334209,42.29719960470139,42.31597330142616,128828400
2018-03-13,42.24087905883789,43.0694074274701,42.069541274588886,42.85581986080046,126774000
2018-03-14,41.88176727294922,42.369965835063375,41.73389842335402,42.3230244232332,117473600
2018-03-15,41.931053161621094,42.30424579003283,41.79492414608478,41.89584799922378,90975200
2018-03-16,41.78318405151367,42.04136357525891,41.68929765809745,41.931049301369676,157618800
2018-03-19,41.14478302001953,41.65410476708609,40.75985764714246,41.618899597561054,133787200
2018-03-20,41.130680084228516,41.4968279871239,41.06026619950273,41.130680084228516,78597600
2018-03-21,40.19888687133789,41.09547953238162,40.196537473159985,41.083743285691064,148219600
2018-03-22,39.63088607788086,40.52982452051389,39.57220842812468,39.90080183419946,165963200
2018-03-23,38.71316909790039,39.88202694835137,38.71316909790039,39.52291999681884,164115200
2018-03-26,40.55094909667969,40.62840402011539,39.06523065201155,39.44781005466082,150164800
2018-03-27,39.51117706298828,41.1095554946715,39.17788847855881,40.76453066529328,163690400
2018-03-28,39.07462692260742,39.90550460608626,38.77185176834323,39.25535512087376,166674000
2018-03-29,39.37975311279297,40.31155469263699,39.17320659190049,39.38679414587791,153594000
2018-04-02,39.121551513671875,39.651999631936924,38.602843220212876,39.112164667785166,150347200
2018-04-03,39.522918701171875,39.60741466237426,38.69908576549835,39.34688574711688,121112000
2018-04-04,40.27867889404297,40.37256168443263,38.673259541147125,38.699077845714115,138422000
2018-04-05,40.5579948425293,40.89362930170126,40.38900291382461,40.50635822090288,107732800
2018-04-06,39.52057647705078,40.482887897857516,39.478326701909054,40.12847614077942,140021200
2018-04-09,39.91253662109375,40.62605524022441,39.865595219285055,39.87263625048639,116070800
2018-04-10,40.66361618041992,40.839649150897934,40.25991361494503,40.60493852359392,113634400
2018-04-11,40.47350311279297,40.82087385529702,40.29981595084088,40.42421230284707,89726400
2018-04-12,40.87250518798828,41.07435645439156,40.61432208628652,40.70116744671329,91557200
2018-04-13,41.01097869873047,41.27150758615567,40.80443582338923,41.02271494402695,100497200
2018-04-16,41.266822814941406,41.353664598056646,41.0344580124711,41.08139942006313,86313600
2018-04-17,41.834815979003906,41.99911267229984,41.40529517848783,41.42407245506441,106421600
2018-04-18,41.740936279296875,41.97095526813903,41.515616087100334,41.733895247128224,83018000
2018-04-19,40.5579948425293,41.16589447365878,40.525135499803376,40.78331502653571,139235200
2018-04-20,38.896244049072266,40.1871524529709,38.82817596401007,40.04163301530664,261964400
2018-04-23,38.7835807800293,39.17789286841588,38.513661441560345,39.156769773980784,146062000
2018-04-24,38.24374008178711,39.039408754872795,37.840037622972055,38.88449892224397,134768000
2018-04-25,38.41039276123047,38.825831574734394,38.11935387520056,38.16864110139597,113528400
2018-04-26,38.54418182373047,38.89859360300027,38.3446763459467,38.52070932702644,111852000
2018-04-27,38.09823226928711,38.56999935976334,37.70157072022894,38.49254441988215,142623200
2018-04-30,38.788272857666016,39.25769406239759,37.98556302734298,38.053631107612816,169709600
2018-05-01,39.6895637512207,39.71303266229741,38.790621726653995,39.05819166644517,214277600
2018-05-02,41.44284439086914,41.71980112653362,40.79269515111264,41.12832952549235,266157600
2018-05-03,41.51795196533203,41.66112555415438,40.942911793681255,41.280895582468375,136272800
2018-05-04,43.146854400634766,43.24543243285755,41.81839141046121,41.8371686901322,224805200
2018-05-07,43.459022521972656,44.04814493310454,43.36279030101084,43.46371415611706,169805600
2018-05-08,43.667911529541016,43.70781190513855,43.109299108375836,43.41911884558,113611200
2018-05-09,43.975379943847656,43.98476679241279,43.473099382720285,43.78526492315641,92844800
2018-05-10,44.60441207885742,44.68186702612727,44.04345374687312,44.064580428056125,111957200
2018-05-11,44.43476867675781,44.781124079827364,44.1661668942968,44.646824986202176,104848800
2018-05-14,44.331085205078125,44.656235967916004,44.262758245240285,44.53371481746541,83115200
2018-05-15,43.92818832397461,44.076627354090526,43.612464172969005,44.008296792998124,94780800
2018-05-16,44.33814239501953,44.404118071374505,43.824502106780066,43.840996924671,76732400
2018-05-17,44.05778503417969,44.51016678779434,43.909345979246076,44.295755618492585,69176000
2018-05-18,43.89755630493164,44.25097982122303,43.85514720867744,44.104899251623095,73190800
2018-05-21,44.20857238769531,44.594981969565396,44.0389288058782,44.29574904119214,73603200
2018-05-22,44.09783172607422,44.503090985077776,44.00829661681228,44.385283144558365,60962800
2018-05-23,44.380584716796875,44.41357077940284,43.76798230244478,43.90699833326601,80233600
2018-05-24,44.331085205078125,44.493660586497064,43.87399384244604,44.47716935972642,92936000
2018-05-25,44.432411193847656,44.68451813500634,44.21328671319679,44.34994425694681,69844000
2018-05-29,44.272178649902344,44.47245338801161,44.02949482101763,44.20149683194327,90056400
2018-05-30,44.177947998046875,44.295755859375,44.00830439011752,44.229783744648095,74762000
2018-05-31,44.02949905395508,44.349936508610654,43.857500621703196,44.111965976448204,109931200
2018-06-01,44.82352828979492,44.82823801484715,44.23684395189632,44.293393009412675,93770000
2018-06-04,45.198158264160156,45.57278634857579,45.08506373956886,45.15339070780669,105064800
2018-06-05,45.54686737060547,45.69530640222667,45.32303318949462,45.49032190729074,86264000
2018-06-06,45.704734802246094,45.72829781152777,45.219367010811325,45.622271460181125,83734400
2018-06-07,45.582210540771484,45.756563841147845,45.3183185372882,45.74242747573462,85388800
2018-06-08,45.16750717163086,45.238192566557814,44.712770815802536,45.042631198516936,106627200
2018-06-11,45.05678939819336,45.23114631083224,44.81646397224416,45.08506572699524,73234000
2018-06-12,45.30418395996094,45.381937568012425,45.0379370834704,45.09448614256514,67644400
2018-06-13,44.93190383911133,45.445547826799476,44.87064506424611,45.33716304565847,86553600
2018-06-14,44.955474853515625,45.13689994342156,44.81881732042377,45.132186622912144,86440400
2018-06-15,44.4936637878418,44.8046782086226,44.357006263123864,44.7740470200036,246876800
2018-06-18,44.47011184692383,44.583206384745495,44.10726162839729,44.267482185920976,73939600
2018-06-19,43.75148010253906,43.902274007400344,43.22369963791943,43.62189074792149,134314000
2018-06-20,43.94232177734375,44.10725202475832,43.76089670758285,43.90698086547268,82514800
2018-06-21,43.69728469848633,44.37821385591246,43.57476354074038,44.119035175144084,102847600
2018-06-22,43.570045471191406,43.8598517133983,43.51820974068812,43.852783531530534,108801600
2018-06-25,42.9221076965332,43.570050812040066,42.58282054445238,43.21191397426476,126652400
2018-06-26,43.4546012878418,43.94939568980616,43.00928776415795,43.115317704014764,98276800
2018-06-27,43.3909912109375,44.12611109590688,43.36036001732693,43.64309815806819,101141200
2018-06-28,43.706703186035156,43.873991879852326,43.306157299059485,43.37684271328096,69460800
2018-06-29,43.61482238769531,44.104903475310294,43.09646856653667,43.89284718810203,90950800
2018-07-02,44.102542877197266,44.13081920457902,43.216629182120954,43.31087761470998,70925200
2018-07-03,43.334442138671875,44.28397318836197,43.24490701595224,44.24627381087891,55819200
2018-07-05,43.68314743041992,43.92112157794117,43.41925900843449,43.65016137767174,66416800
2018-07-06,44.2886848449707,44.39706605714836,43.63602832826301,43.68786407155159,69940800
2018-07-09,44.90363693237305,44.92719634335544,44.6020491482026,44.649171565377365,79026400
2018-07-10,44.84944534301758,45.06856619589097,44.80938751433222,44.934267130145,63756400
2018-07-11,44.26747512817383,44.715143482285086,44.203857887887295,44.41355569937035,75326000
2018-07-12,45.00965881347656,45.09919391389085,44.60439959451979,44.65623532684284,72164400
2018-07-13,45.080345153808594,45.20050784745144,44.97902854938801,45.021441238162346,50055600
2018-07-16,44.98139572143555,45.3913647528247,44.865942730126086,45.12512144726553,60172400
2018-07-17,45.108619689941406,45.207577840766284,44.57848442788754,44.708073766542675,62138000
2018-07-18,44.86122512817383,45.19108924534587,44.75048546825586,45.18637592497211,65573600
2018-07-19,45.20992660522461,45.36778864020919,44.69392781889089,44.69392781889089,81147200
2018-07-20,45.106266021728516,45.33952324227363,44.80703310367688,45.18637448948724,82704800
2018-07-23,45.146331787109375,45.2287987336492,44.66331880425651,44.92720728084659,63957600
2018-07-24,45.47382354736328,45.62933074980564,45.24998938365914,45.34423421199465,74791600
2018-07-25,45.90264129638672,45.909709478060186,45.339516458198204,45.487955463759825,66839600
2018-07-26,45.75892639160156,46.17125386401282,45.617555534405035,45.85317123292575,76304000
2018-07-27,44.997886657714844,45.98983036478812,44.79054728056739,45.942707942491445,96096000
2018-07-30,44.74577331542969,45.285331624624746,44.547857012990356,45.2146462036936,84118000
2018-07-31,44.83530807495117,45.27119853960078,44.61147388845953,44.837666532786,157492000
2018-08-01,47.476558685302734,47.53781746675014,46.48932842822588,46.918150683987434,271742800
2018-08-02,48.86433029174805,49.097591083256724,47.2055976710928,47.259788264801436,249616000
2018-08-03,49.00570297241211,49.18241471941246,48.414305358183405,48.7795103543594,133789600
2018-08-06,49.260169982910156,49.302579077921635,48.78893864166359,49.008059489642534,101701600
2018-08-07,48.79835891723633,49.36148019425983,48.71589199911434,49.31907110165512,102349600
2018-08-08,48.83135223388672,48.96329644635382,48.1881224005045,48.548614122141466,90102000
2018-08-09,49.21540451049805,49.42745718493813,48.819568297610594,49.36855326479255,93970400
2018-08-10,49.06881332397461,49.44002903622106,48.86547303748079,49.02861861252826,98444800
2018-08-13,49.38563919067383,49.87743898167193,49.10900248470338,49.489674247514394,103563600
2018-08-14,49.593719482421875,49.7852369637203,49.24141953269484,49.690661587811235,82992000
2018-08-15,49.70957565307617,49.82779667275431,49.257970492029095,49.46840376274341,115230400
2018-08-16,50.437808990478516,50.553663261058226,50.00038984892316,50.06659332005974,114001600
2018-08-17,51.44504928588867,51.53253166882398,50.39997610944165,50.466179578876776,141708000
2018-08-20,50.94379425048828,51.82335515995268,50.86103810842803,51.568000978126,121150800
2018-08-21,50.8444938659668,51.3528464083779,50.60568870827155,51.260634158592694,104639200
2018-08-22,50.846866607666016,51.15660513439439,50.560770122656535,50.62224736832876,76072400
2018-08-23,50.950897216796875,51.31974622714638,50.74046394254264,50.75228315845391,75532800
2018-08-24,51.10930633544922,51.28427111585805,50.861041500529375,51.21334139829706,73905600
2018-08-27,51.53017044067383,51.719324763645,51.1494986735286,51.34337923890554,82100400
2018-08-28,51.94631576538086,52.14492621424723,51.761891261745056,51.783170179590904,91107200
2018-08-29,52.72184371948242,52.84243146580002,51.87774753435485,52.05271233047196,109019200
2018-08-30,53.20655059814453,53.9702573574271,52.58470689450583,52.78568406644188,195175200
2018-08-31,53.821285247802734,54.114470973222126,53.435883693212745,53.55646779565285,173360400
2018-09-04,53.993892669677734,54.18777322429528,53.58484903952322,54.00571549067332,109560400
2018-09-05,53.64160919189453,54.30364768385519,53.223109341809504,54.142868814226496,133332000
2018-09-06,52.75020980834961,53.75508827339755,52.32461350158914,53.49027078929188,137160000
2018-09-07,52.32461929321289,53.286936430190956,52.18511936850075,52.45466312464746,150479200
2018-09-10,51.62238311767578,52.45465998116174,51.18260084633692,52.24186001307081,158066000
2018-09-11,52.92754364013672,53.033941819572114,51.20387942357245,51.54671960522813,142996000
2018-09-12,52.27022933959961,53.19944457305624,51.97940311163777,53.185258631754344,197114800
2018-09-13,53.5328369140625,53.99153499554689,52.6249004519719,52.849519642275006,166825600
2018-09-14,52.92518615722656,53.63451228780782,52.613084535836826,53.376791326239925,127997200
2018-09-17,51.515987396240234,52.71474653653947,51.37175762273958,52.525592202926,148780400
2018-09-18,51.601112365722656,52.45466827869166,51.336294826285084,51.49471056093672,126286800
2018-09-19,51.631832122802734,51.92738458695363,50.905957146913586,51.66257073357624,108495200
2018-09-20,52.02434158325195,52.55633617131596,51.816271434307,52.07399599891171,106435200
2018-09-21,51.463958740234375,52.33879328530278,51.37647276025489,52.20165651327095,384986800
2018-09-24,52.20403289794922,52.31516093786843,51.2204368199305,51.26536138174706,110773600
2018-09-25,52.53504943847656,52.68400905547717,51.946307549786276,51.958130371548314,98217600
2018-09-26,52.11654281616211,52.90389507297976,51.960490237444716,52.25367960280906,95938800
2018-09-27,53.1876335144043,53.53993343518666,52.8542493888135,52.92045647589352,120724800
2018-09-28,53.37441635131836,53.39805838572912,52.96773583814115,53.149793573596064,91717600
2018-10-01,53.73380661010742,54.24452218637405,53.51864713609809,53.89695216428858,94403200
2018-10-02,54.21141815185547,54.38165667005677,53.584848333349555,53.731441209871306,99152800
2018-10-03,54.87111282348633,55.202130277796414,54.32965846372666,54.39349883270777,114619200
2018-10-04,53.906402587890625,54.93728965540336,53.60848341576055,54.56607405451681,128168000
2018-10-05,53.031578063964844,54.00572162104816,52.15438020692258,53.89932343564714,134322000
2018-10-08,52.908634185791016,53.15216918862936,52.06453440498348,52.53978519538805,118655600
2018-10-09,53.64160919189453,53.73618818092864,52.549248025242136,52.877902345519175,107564000
2018-10-10,51.156593322753906,53.51865029661315,51.08329687705558,53.308217052458474,167962400
2018-10-11,50.704986572265625,51.89901940310349,50.20136756167063,50.721539244147124,212497600
2018-10-12,52.51613235473633,52.69819370350563,51.27008201426514,52.11654480060176,161351600
2018-10-15,51.39303207397461,52.449928078120834,51.37175316034392,52.29151237472821,123164000
2018-10-16,52.525577545166016,52.72419152433541,51.251155583933375,51.76423418050051,116736000
2018-10-17,52.29861068725586,52.64145089276612,51.86119150958556,52.561061472294256,91541600
2018-10-18,51.07619857788086,51.95576305015513,50.362142773439196,51.51125096413181,130325200
2018-10-19,51.85411071777344,52.31517204091925,51.40959846375607,51.55855812501077,132314800
2018-10-22,52.170921325683594,52.811680677472054,51.76660756117778,51.96758107903151,115168400
2018-10-23,52.66273498535156,52.78568585733632,50.7641056774064,51.03128633927155,155071200
2018-10-24,50.8563117980957,53.017391656334006,50.726267969157426,52.63199362779541,163702000
2018-10-25,51.96995544433594,52.343534259721785,51.2488065794398,51.47579250051913,119423200
2018-10-26,51.14241027832031,52.062169603151254,50.284124580632735,51.04783130446249,189033600
2018-10-29,50.18245315551758,51.94394539631925,48.72833263934348,51.82572439213365,183742000
2018-10-30,50.43307876586914,50.87758726765469,49.48021780499368,49.924726306779235,146640000
2018-10-31,51.747711181640625,52.12365320413708,51.21807965014889,51.27955689687486,153435600
2018-11-01,52.54215621948242,52.57525796442497,51.26300377595323,51.792635302853604,233292800
2018-11-02,49.05698013305664,50.51582669093119,48.57227336106089,49.546416754757914,365314800
2018-11-05,47.66434097290039,48.326379281390906,46.85570978180658,48.30510036768756,264654800
2018-11-06,48.1797981262207,48.40441735489596,47.6879982232851,47.74237888525882,127531600
2018-11-07,49.64100646972656,49.66701523890736,48.26491564822979,48.69996814378195,133697600
2018-11-08,49.467796325683594,49.85453905967433,49.054950457423345,49.821321825704445,101450400
2018-11-09,48.51397705078125,48.879366587122874,47.98724409420614,48.7702258096886,137463200
2018-11-12,46.07012939453125,47.41780773297329,45.97996678297015,47.21612935039931,204542000
2018-11-13,45.609832763671875,46.784303647550004,45.42476479992899,45.46747474101187,187531600
2018-11-14,44.32146072387695,46.143668904703304,44.11503604465718,46.006053658692075,243204000
2018-11-15,45.415279388427734,45.54814833515879,44.34520285307609,44.698732002376936,185915200
2018-11-16,45.91828536987305,46.25995045257277,44.95261049624972,45.19936660019544,147713200
2018-11-19,44.09844970703125,45.24682124683419,43.892028552427426,45.08073505230195,167701200
2018-11-20,41.991512298583984,43.056842423109295,41.642729521839435,42.32131328103685,271300800
2018-11-21,41.94406509399414,42.77212832849176,41.889494691042145,42.64400210541268,124496800
2018-11-23,40.87873077392578,41.90135460850539,40.83365308403461,41.507490510580666,94496000
2018-11-26,41.43156433105469,41.50986287918792,40.39708001756018,41.341405328689035,179994000
2018-11-27,41.341400146484375,41.467151357006,40.544182944086934,40.693658680506765,165549600
2018-11-28,42.93109130859375,43.014132585864616,41.505114329859374,41.932195651447095,184250000
2018-11-29,42.601280212402344,43.372397774847585,42.16233492100179,43.33918054774312,167080000
2018-11-30,42.37113952636719,42.78635675904082,42.003374967632006,42.77686405200895,158126000
2018-12-03,43.8516960144043,43.88016690063734,42.99516185628555,43.76627973529744,163210000
2018-12-04,41.92269515991211,43.275115960024046,41.82304348205187,42.933450995699744,165377200
2018-12-06,41.455291748046875,41.469527189200136,40.43504289397928,40.75297981442607,172393600
2018-12-07,39.97711944580078,41.40072149253783,39.93203813505562,41.16345448474832,169126400
2018-12-10,40.24047088623047,40.356729359410416,38.752806291286355,39.149041611328066,248104000
2018-12-11,40.01033401489258,40.76009495801711,39.623587659446784,40.72925271093741,189126800
2018-12-12,40.1218376159668,40.79092844768577,40.102855827920074,40.43028171560984,142510800
2018-12-13,40.56079864501953,40.94517370109351,40.22862624634583,40.451657837058576,127594400
2018-12-14,39.262939453125,40.117102042698306,39.21548678046134,40.09812024955147,162814800
2018-12-17,38.897552490234375,39.943900827275144,38.61045782776475,39.255824356252,177151600
2018-12-18,39.402931213378906,39.74933899527448,39.00432078305257,39.23921640915953,135366000
2018-12-19,38.17387771606445,39.73034825848122,37.746796501277856,39.38631192060536,196189200
2018-12-20,37.21057891845703,38.463348216247596,36.84756074809764,38.05762010916007,259092000
2018-12-21,35.76325607299805,37.52615187290748,35.50226452935719,37.21770403005254,382978400
2018-12-24,34.837913513183594,35.957814025738095,34.78096813070543,35.15110406579586,148676800
2018-12-26,37.291255950927734,37.30549139242431,34.811816392339566,35.18669870684758,234330000
2018-12-27,37.04923629760742,37.196344282393845,35.60665629115876,36.97568411541755,212468400
2018-12-28,37.06821060180664,37.61155388635195,36.66960390643198,37.369540609642506,169165600
2018-12-31,37.42649841308594,37.810869799996105,37.12753967179389,37.61393775275985,140014000
2019-01-02,37.46920394897461,37.6898641400753,36.59368814570471,36.75028523353009,148158800
2019-01-03,33.73699188232422,34.57454401761466,33.69191057763836,34.16169817620422,365248800
2019-01-04,35.17721176147461,35.24602123385648,34.11900273892931,34.29220667285654,234428400
2019-01-07,35.09890365600586,35.31244611659193,34.617251961933846,35.281600249745665,219111200
2019-01-08,35.76799392700195,36.0218713099174,35.23888962424999,35.485645667649806,164101200
2019-01-09,36.37540817260742,36.66487424188444,35.502267230819925,35.89612775325254,180396400
2019-01-10,36.491668701171875,36.532003660455786,35.794103077351124,36.18322084854541,143122800
2019-01-11,36.13338851928711,36.46793584598435,35.94832055566885,36.273378795691265,108092800
2019-01-14,35.59005355834961,35.891383692191056,35.40498556947879,35.79173197667657,129756800
2019-01-15,36.31845474243164,36.394378285844226,35.601907520616955,35.654106540640925,114843600
2019-01-16,36.76214599609375,36.98517753374155,36.30184748144305,36.320829274052095,122278800
2019-01-17,36.98043441772461,37.40751573779752,36.363538775351834,36.58657033252364,119284800
2019-01-18,37.20821762084961,37.459720094996186,37.008910562862575,37.36955746448795,135004000
2019-01-22,36.37303161621094,37.186855683764556,36.21168817452131,37.11093212681015,121576000
2019-01-23,36.520137786865234,36.80960382903162,35.99340473442524,36.57470818551413,92522400
2019-01-24,36.23066711425781,36.65300204893597,36.00289284093378,36.56521442488471,101766000
2019-01-25,37.43123245239258,37.51902368512095,36.61503719155783,36.8902641000177,134142000
2019-01-28,37.0848274230957,37.09194514242652,36.458442779137826,36.963818953658674,104768400
2019-01-29,36.70045471191406,37.51902868886723,36.56521441598711,37.07296560813992,166348800
2019-01-30,39.2083740234375,39.42191288765638,38.017292600660475,38.73383999592237,244439200
2019-01-31,39.490718841552734,40.09812176355808,39.044655736776996,39.41242029951825,162958400
2019-02-01,39.50971221923828,40.09338716493966,39.36972190100189,39.61411030589265,130672400
2019-02-04,40.63197708129883,40.72925742817227,39.69002672443846,39.7208725954977,125982000
2019-02-05,41.32716751098633,41.54070999970741,40.89297205344229,41.01397692943241,144406400
2019-02-06,41.341400146484375,41.656965666225744,41.01159918712273,41.43867685735861,112958400
2019-02-07,40.558414459228516,41.27021533462275,40.41605283598708,40.90482219115942,126966800
2019-02-08,40.6060791015625,40.665650250891964,40.131891443963546,40.26771540968325,95280000
2019-02-11,40.372554779052734,40.796704677929405,40.329665299757814,40.75857827237781,83973600
2019-02-12,40.7204475402832,40.746658986823185,40.43688833751438,40.532204341266045,89134000
2019-02-13,40.551265716552734,41.099320945808756,40.48931303829851,40.8395916413653,89960800
2019-02-14,40.699005126953125,40.808613992609324,40.3606414751641,40.43927581927432,87342800
2019-02-15,40.608463287353516,40.91346730094003,40.44881303304922,40.80623995233979,98507200
2019-02-19,40.72998046875,40.851507928428646,40.38685373654159,40.4392766336708,75891200
2019-02-20,40.992103576660156,41.29949277774976,40.74428916750655,40.79194536512053,104457600
2019-02-21,40.76096725463867,41.0731195307499,40.57987224909108,40.93729918557291,68998800
2019-02-22,41.216094970703125,41.22324321911487,40.83722326114031,40.8848794625303,75652800
2019-02-25,41.51632308959961,41.90710967168657,41.44960369528727,41.499645058988676,87493600
2019-02-26,41.5401611328125,41.7712975211783,41.26375008174526,41.39242582162674,68280800
2019-02-27,41.66883087158203,41.6998090360794,41.15890192366394,41.27328116060738,111341600
2019-02-28,41.25897216796875,41.67835534148874,41.20416773449612,41.53776831669921,112861600
2019-03-01,41.69265365600586,41.735543135571554,41.197021288508566,41.528236712468996,103544800
2019-03-04,41.902339935302734,42.35507912985598,41.45436381391855,41.86421353434797,109744800
2019-03-05,41.82608413696289,41.93807815928566,41.59018113838086,41.923781668935256,78949600
2019-03-06,41.58543395996094,41.81657033812453,41.44722844052762,41.621175199497635,83241600
2019-03-07,41.10409164428711,41.56636432916655,40.98971605951243,41.43054036805001,99185600
2019-03-08,41.20178985595703,41.2399162634684,40.38923852105088,40.584633632595896,95997600
2019-03-11,42.62910461425781,42.681527506223055,41.78319736904366,41.81655706066394,128044000
2019-03-12,43.10806655883789,43.52744613325643,42.74110624977912,42.89122670675174,129870400
2019-03-13,43.298702239990234,43.67757393364114,43.1104553438934,43.427374341932726,124130000
2019-03-14,43.78002166748047,43.86818942807558,43.50122916555662,43.82052960680952,94318000
2019-03-15,44.349525451660156,44.63785139707803,43.7824106162076,44.04690664893718,156171600
2019-03-18,44.802268981933594,44.890433115459594,44.27089173604565,44.273276908909104,104879200
2019-03-19,44.44722366333008,45.03340534638429,44.30186992001534,44.88090335634377,126585600
2019-03-20,44.835628509521484,45.152547444755115,44.018310490038075,44.375737368520994,124140800
2019-03-21,46.486942291259766,46.782416507691266,45.22879987925223,45.27884124565531,204136800
2019-03-22,45.524269104003906,47.106478547794836,45.45993125023579,46.546508338197334,169630800
2019-03-25,44.97383499145508,45.74587473890536,44.46390611241121,45.63388069031745,175381200
2019-03-26,44.509178161621094,45.96033411700319,43.98257123970182,45.66962661852125,199202000
2019-03-27,44.90949630737305,45.216881824139065,44.45199033761694,44.97621570071659,119393600
2019-03-28,44.96907043457031,45.16922862786753,44.68551117609868,45.023874875034785,83121600
2019-03-29,45.26215744018555,45.2931356005877,44.926175293457625,45.23356445269698,94256000
2019-04-01,45.56954574584961,45.67438790998863,44.8880516813076,45.66485812631572,111448000
2019-04-02,46.23198318481445,46.336828999804766,45.524277569564575,45.53380735459335,91062800
2019-04-03,46.548892974853516,46.822918780518556,46.024664003423624,46.04849391519191,93087200
2019-04-04,46.629913330078125,46.791945110655476,46.02228688104425,46.41545501139502,76457200
2019-04-05,46.94205856323242,46.96588847372943,46.687092337463056,46.811001327366576,74106400
2019-04-08,47.68074417114258,47.71171869297622,46.7847918560636,46.803855058079535,103526800
2019-04-09,47.537776947021484,48.33603179875124,47.473439087978925,47.73317206117505,143072800
2019-04-10,47.804656982421875,47.833253607870596,47.22324195607037,47.342384260292086,86781200
2019-04-11,47.40671920776367,47.89520335222447,47.28519537386603,47.85946211752939,83603200
2019-04-12,47.38766098022461,47.690283464181285,46.753826657487316,47.4662953407457,111042800
2019-04-15,47.47343826293945,47.62117718246721,47.18273076972158,47.31855473245824,70146400
2019-04-16,47.47819519042969,47.983357258066256,47.313778274018354,47.52823654426802,102785600
2019-04-17,48.40274429321289,48.46231543377523,47.32569705378426,47.54729995142792,115627200
2019-04-18,48.57669448852539,48.64579541672132,48.25739402484164,48.400362590881734,96783200
2019-04-22,48.736351013183594,48.83404857594951,48.214507135311784,48.331267903197975,77758000
2019-04-23,49.439273834228516,49.503611676128884,48.586214770717746,48.712505282193725,93292000
2019-04-24,49.363037109375,49.6775708811361,49.33682565873371,49.4106933007407,70162400
2019-04-25,48.91506576538086,49.506010596011244,48.87693935413123,49.28440764800036,74172800
2019-04-26,48.68153762817383,48.848336097417246,48.16207538289125,48.82450618641079,74596400
2019-04-29,48.75541305541992,49.079480262865886,48.576699602106366,48.70537168868094,88818800
2019-04-30,47.816558837890625,48.467074622632694,47.44483553232372,48.38605875058526,186139600
2019-05-01,50.163673400878906,51.30505499845377,49.85628424061624,50.01117140720834,259309200
2019-05-02,49.837223052978516,50.671219159962654,49.59417537681596,50.00164001010491,127985200
2019-05-03,50.45675277709961,50.47819751368422,50.09455924795819,50.251827921445944,83569600
2019-05-06,49.67756652832031,49.76334911963592,48.490910378399384,48.6791535903768,129772400
2019-05-07,48.338409423828125,49.42498651293276,47.85469202351123,49.05802986425357,155054800
2019-05-08,48.34794998168945,48.92936506074803,48.07392411151205,48.109665351644786,105358000
2019-05-09,47.82848358154297,48.05723475366527,46.86104872008744,47.75223076687932,139634400
2019-05-10,47.16588592529297,47.565356793291954,46.111007044630455,47.223295764690995,164834800
2019-05-13,44.42463302612305,45.32403198718554,43.738123877782556,44.90064671970861,229722400
2019-05-14,45.127891540527344,45.37666024246978,44.35048432829495,44.58968654744338,146118800
2019-05-15,45.668479919433594,45.86701816748591,44.4963906935112,44.55619123871001,106178800
2019-05-16,45.46755599975586,46.03924912918253,45.17094394873877,45.42689206250881,132125600
2019-05-17,45.20922088623047,45.66370365738736,44.673406583972145,44.7140705245547,131516400
2019-05-20,43.7955436706543,44.096940873230245,43.123385861635015,43.89840254691123,154449200
2019-05-21,44.63514709472656,44.97002882815284,44.18066057086273,44.305046778965554,113459200
2019-05-22,43.721378326416016,44.422242678436454,43.666362841765874,44.17107963556311,118994400
2019-05-23,42.975074768066406,43.18557025463366,42.53254916971738,43.008562935243226,146118800
2019-05-24,42.81001663208008,43.568287143398116,42.72629440483175,43.10423430651815,94858800
2019-05-28,42.63300704956055,43.19752438710172,42.55646424358909,42.7980571514169,111792800
2019-05-29,42.4296875,42.900916127061286,42.09958729527348,42.20005178150852,113924800
2019-05-30,42.649749755859375,42.87220603302129,42.25984903144603,42.56602753223366,84873600
2019-05-31,41.87714385986328,42.57561406192938,41.85800723995142,42.1546157237426,108174400
2019-06-03,41.4537467956543,42.558859919788816,40.72896433762629,42.00391264942133,161584400
2019-06-04,42.97027587890625,43.015724873298545,41.74556198761419,41.96562753683477,123872000
2019-06-05,43.663970947265625,44.250019297013125,43.32908930449805,44.080184117507756,119093600
2019-06-06,44.30503463745117,44.36483519131341,43.570682084053516,43.79314204238784,90105200
2019-06-07,45.48429489135742,45.90768378892111,44.43659178289126,44.613599067232066,122737600
2019-06-10,46.065555572509766,46.73292803874346,45.83591987717714,45.88136887468619,104883600
2019-06-11,46.599002838134766,46.88365417964407,46.30957007823575,46.61096368398446,107731600
2019-06-12,46.45067596435547,46.87645558984888,46.259313473699386,46.39326612217786,73012800
2019-06-13,46.441104888916016,47.07259854029726,46.30954660107747,46.57266682669041,86698400
2019-06-14,46.10383605957031,46.307155751593456,45.52018207317705,45.81918484080178,75046000
2019-06-17,46.37892532348633,46.63487348967202,45.96749715069551,46.14211377579519,58676400
2019-06-18,47.469669342041016,47.909800453622815,46.694656656415546,46.89558560084175,106204000
2019-06-19,47.3309440612793,47.811742879326864,47.1969913965281,47.76389951339883,84496800
2019-06-20,47.711280822753906,47.98636194123762,47.36921971853001,47.928952089147415,86056000
2019-06-21,47.54862594604492,48.04377638657859,47.397927351110866,47.55341101332739,191202400
2019-06-24,47.50077819824219,47.87871815109603,47.40270441017317,47.49120806529403,72881600
2019-06-25,46.78078079223633,47.66343393459677,46.71380081144238,47.464895650291474,84281200
2019-06-26,47.79259490966797,48.077246079612706,47.206550315629954,47.30701479032771,104270000
2019-06-27,47.778255462646484,48.215995988213024,47.73759152091885,47.90981377120324,83598800
2019-06-28,47.3429069519043,47.720846929488616,47.13480217086817,47.524699340515674,124442400
2019-07-01,48.21120834350586,48.91446345681218,47.99592415477376,48.59871477331292,109012000
2019-07-02,48.493465423583984,48.5891485023053,48.165759547562075,48.177720388644275,67740800
2019-07-03,48.895320892333984,48.90249666609173,48.48389283052297,48.62502124767299,45448000
2019-07-05,48.852272033691406,49.055595395919944,48.534132619231094,48.641776546255905,69062000
2019-07-08,47.84522247314453,48.17531900929946,47.46010680601736,48.034190594932134,101354400
2019-07-09,48.13705825805664,48.20164023244244,47.555794939029724,47.64908366307894,82312000
2019-07-10,48.61306381225586,48.73266491650779,48.21359656204675,48.28296724647705,71588400
2019-07-11,48.2590446472168,48.89053831965134,48.24947816503057,48.6321995013914,80767200
2019-07-12,48.62981033325195,48.797251151333036,48.36668644059876,48.426486993480296,70380800
2019-07-15,49.086692810058594,49.2445635130071,48.79725649643611,48.81878382184684,67789600
2019-07-16,48.91685485839844,49.30197058543267,48.67765263415199,48.93838218259591,67467200
2019-07-17,48.64177703857422,49.05798660085317,48.622640421352486,48.80921787684371,56430000
2019-07-18,49.19432830810547,49.246953087288276,48.72549036173215,48.79725175606653,74162400
2019-07-19,48.4599723815918,49.395253851076205,48.404956898073856,49.225418684647934,83717200
2019-07-22,49.5674934387207,49.569884147383455,48.70397311967198,48.71353960425987,89111600
2019-07-23,49.95500183105469,49.97174774213906,49.58423757781546,49.8641074492469,73420800
2019-07-24,49.91432571411133,50.02914175520972,49.55552239198474,49.67512349936027,59966400
2019-07-25,49.51964569091797,50.050674922943,49.450275001634395,49.9669526841349,55638400
2019-07-26,49.69187545776367,50.167885587126946,49.54835265146059,49.62968053839526,70475600
2019-07-29,50.155914306640625,50.38555001894711,49.85930592191719,49.864090987781196,86693600
2019-07-30,49.940643310546875,50.27074356929918,49.5890157262072,49.935858243770845,135742800
2019-07-31,50.95964431762695,52.95219944273716,50.54343475015479,51.768149068134655,277125600
2019-08-01,49.85692596435547,52.15326915093734,49.45267720551432,51.1653626359901,216071600
2019-08-02,48.802032470703125,49.37850698227008,48.2303393750456,49.16322646839944,163448400
2019-08-05,46.247352600097656,47.51751570162563,46.065560241571106,47.359645023139706,209572000
2019-08-06,47.12283706665039,47.37878519253508,46.414796893585645,46.957786951818015,143299200
2019-08-07,47.61081314086914,47.73519932999547,46.36218078247986,46.74251147526255,133457600
2019-08-08,48.660911560058594,48.68483324483393,47.69453608408315,47.888289320978814,108038000
2019-08-09,48.25992202758789,48.68491595492223,47.851730305039446,48.33435586806552,98478800
2019-08-12,48.13746643066406,48.51444257030938,47.81811826695935,47.93097076329877,89927600
2019-08-13,50.17599868774414,50.93715015941955,48.13745486807871,48.267116866849314,188874000
2019-08-14,48.682518005371094,49.56852841372435,48.644099355992225,48.780964420477915,146189600
2019-08-15,48.439998626708984,49.2563746314281,47.942967055319286,48.85298987534668,108909600
2019-08-16,49.58293914794922,49.74141334366734,48.94424278130665,49.04989224511873,110481600
2019-08-19,50.50736618041992,51.07882804853604,50.43052887765902,50.57219353284465,97654400
2019-08-20,50.509765625,51.22769905454453,50.50016279412302,50.634624409226056,107537200
2019-08-21,51.05721664428711,51.29972750063154,50.807502749106995,51.14125698244228,86141600
2019-08-22,51.013999938964844,51.489418835377954,50.6034083940143,51.18927999555581,89014800
2019-08-23,48.65611267089844,50.91555897861763,48.26233061738834,50.28646541152127,187272000
2019-08-26,49.580535888671875,49.74861290398016,49.23717515529538,49.429264742992345,104174400
2019-08-27,49.02107238769531,50.07515974076012,48.86980125519638,49.90948253160488,103493200
2019-08-28,49.35002899169922,49.395650682194926,48.819385567248915,49.00667191279658,63755200
2019-08-29,50.185611724853516,50.26004923163214,49.621352927714746,50.06315640226348,83962000
2019-08-30,50.12078857421875,50.53137647269659,49.751015456218866,50.461745870992495,84573600
2019-09-03,49.39084243774414,49.69818428979416,49.03547910827453,49.56612247903739,80092000
2019-09-04,50.22882080078125,50.29845137888057,49.779814402084654,50.036731267544226,76752400
2019-09-05,51.21088790893555,51.3765651308316,50.7858902958723,50.90354603728645,95654800
2019-09-06,51.20608901977539,51.484618759601176,51.02600570478871,51.395778829958495,77449200
2019-09-09,51.424583435058594,51.96963654756328,50.68024137405337,51.58545739982879,109237600
2019-09-10,52.032066345214844,52.05127566981013,50.833914491991756,51.3501518092004,127111600
2019-09-11,53.68643569946289,53.71525152055803,52.27938461882768,52.3610251708255,177158400
2019-09-12,53.566375732421875,54.36594600540606,53.51115121424335,53.976967258907166,128906800
2019-09-13,52.52429962158203,53.01412462083623,52.10890847215429,52.8244384765625,159053200
2019-09-16,52.800418853759766,52.855647033642335,52.23855987155783,52.27937831072937,84632400
2019-09-17,52.992523193359375,53.021339019006504,52.61314718594896,52.814843310259185,73274800
2019-09-18,53.489540100097656,53.50874942392138,52.68996985697935,53.07894858894895,101360000
2019-09-19,53.05494689941406,53.72725500568296,52.913278574917605,53.3070606073627,88242400
2019-09-20,52.27937698364258,53.43911377467882,52.216949430695024,53.15578449922015,221652400
2019-09-23,52.51708984375,52.78601305088982,52.26016925822585,52.57231436011538,76662000
2019-09-24,52.26736831665039,53.42230547207564,52.14971625438767,53.07174174905982,124763200
2019-09-25,53.07175064086914,53.184603139280306,52.137718705200996,52.47627620043449,87613600
2019-09-26,52.798011779785156,53.05012908229732,52.5434946860541,52.82442413840649,75334000
2019-09-27,52.54110336303711,53.054940879557066,52.17133028274097,52.95409101125522,101408000
2019-09-30,53.777679443359375,53.924147350243985,53.01412429579234,53.04053666142086,103909600
2019-10-01,53.926544189453125,54.79814854366671,53.832901018952796,54.04180014068749,139223200
2019-10-02,52.57472229003906,53.68403427770665,52.32740451351937,53.559175493563515,138449200
2019-10-03,53.02132034301758,53.05493574126126,51.655087971892826,52.44745145389446,114426000
2019-10-04,54.50761795043945,54.6228739131191,53.75847251204435,54.178666925160364,138478800
2019-10-07,54.51961898803711,55.20873658677315,54.22668318942507,54.3299328547412,122306000
2019-10-08,53.88092041015625,54.75972776925968,53.8641145411307,54.221881339577685,111820000
2019-10-09,54.512420654296875,54.69490376434556,54.17866638461821,54.512420654296875,74770400
2019-10-10,55.24714660644531,55.331186933368876,54.577238437627656,54.728505896765036,113013600
2019-10-11,56.71663284301758,57.059989886560345,55.78019754791175,55.93386847365883,166795600
2019-10-14,56.63499450683594,57.17764784685901,56.34686196781524,56.40208648570823,96427600
2019-10-15,56.50293731689453,57.06239287164702,56.39728786256741,56.759854250095415,87360000
2019-10-16,56.27482604980469,56.48372515630135,55.99389655879597,56.034714997954104,73903200
2019-10-17,56.49332809448242,56.70222353757521,56.07073396138555,56.447706408334824,67585200
2019-10-18,56.76465606689453,57.04558556492881,56.255618132854494,56.327652182971896,97433600
2019-10-21,57.749107360839844,57.864363302867055,56.983156188347394,57.03117766562347,87247200
2019-10-22,57.61705780029297,58.15490428802028,57.53541724657344,57.90519037069038,82293600
2019-10-23,58.390201568603516,58.40461130875165,57.91958597693626,58.130884866797174,75828800
2019-10-24,58.48625946044922,58.77919528194411,58.06126180732885,58.70956101444865,69275200
2019-10-25,59.20658493041992,59.24260012348222,58.31817475144487,58.38540555436381,73477200
2019-10-28,59.79966354370117,59.847685025604804,59.240204303203505,59.40828132176833,96572800
2019-10-29,58.41661071777344,59.967729579429026,58.24373414734281,59.780443269642596,142839600
2019-10-30,58.409420013427734,58.89924866845541,57.91719523037346,58.769586633499244,124522000
2019-10-31,59.73002624511719,59.82847265948915,56.96874904224295,59.365060070154456,139162000
2019-11-01,61.42521286010742,61.45162155934046,59.82607232816422,59.917312039179826,151125200
2019-11-04,61.82859802246094,61.912638359081036,61.31956374708165,61.78777591806556,103272000
2019-11-05,61.739749908447266,61.99426701235729,61.54526056164069,61.72053692271421,79897600
2019-11-06,61.766170501708984,61.82619827037496,61.317163964504836,61.65331800351261,75864400
2019-11-07,62.479026794433594,62.700595407259684,62.16112687805122,62.31285217221587,94940400
2019-11-08,62.6500244140625,62.72227105623637,61.85768527338709,62.30081516113781,69986400
2019-11-11,63.146121978759766,63.211143940607684,62.202057773794586,62.20687176554438,81821200
2019-11-12,63.088321685791016,63.28821627609812,62.837861804605424,62.98957972605956,87388800
2019-11-13,63.69282531738281,63.76748263298455,62.8739981675004,62.88844749635185,102734400
2019-11-14,63.252098083496094,63.79155922463415,63.12204679068359,63.519417983025704,89182800
2019-11-15,64.00348663330078,64.0083006253325,63.34119892343502,63.50255217696832,100206400
2019-11-18,64.32621765136719,64.40568896392628,63.635031105699284,64.01313169523063,86703200
2019-11-19,64.13114166259766,64.54296223689062,63.91439437873861,64.51887757210454,76167200
2019-11-20,63.38455581665039,64.08055626785473,62.71263267859767,63.95051231825009,106234400
2019-11-21,63.10038375854492,63.58204767524024,62.90048911733583,63.50497968466305,121395200
2019-11-22,63.044979095458984,63.38214231017823,62.81859650494602,63.240052360746795,65325200
2019-11-25,64.15040588378906,64.1672658843364,63.22320139858819,63.26896005744073,84020400
2019-11-26,63.649478912353516,64.34066544148382,63.21838765861975,64.28768211784275,105207600
2019-11-27,64.50443267822266,64.53815268116317,63.89512810024147,63.9601500849875,65235600
2019-11-29,64.36235046386719,64.54297445955625,64.03722580170505,64.20581113752517,46617600
2019-12-02,63.61817169189453,64.6031735303105,63.44718305749584,64.36715556270056,94487200
2019-12-03,62.483848571777344,62.50311189277975,61.72281877405297,62.20929663764317,114430400
2019-12-04,63.03536605834961,63.413474066636006,62.78008472336109,62.87401273226169,67181600
2019-12-05,63.96015548706055,64.03482016421954,63.273790207946085,63.52907152465446,74424400
2019-12-06,65.19561004638672,65.26545336433453,64.3743722789269,64.4177276122505,106075600
2019-12-09,64.2828598022461,65.21728148518294,63.79878528754208,65.02461888758106,128042400
2019-12-10,64.65855407714844,65.04147593348435,64.02756829699055,64.68745273051618,90420400
2019-12-11,65.21007537841797,65.28955405101115,64.66338940620615,64.73804673524272,78756800
2019-12-12,65.376220703125,65.64113724354316,64.3791805323222,64.48996114027678,137310400
2019-12-13,66.2649154663086,66.3010387920999,65.24860425293159,65.37624490379989,133587600
2019-12-16,67.39923858642578,67.62321792745732,66.70564861456403,66.71046260860425,128186000
2019-12-17,67.53168487548828,67.85921278461262,67.14394163202556,67.32938692874545,114158400
2019-12-18,67.37032318115234,67.89052104298418,67.22100855730946,67.38477250929151,116028400
2019-12-19,67.4377670288086,67.71713300190731,67.18008240112675,67.31253704760239,98369200
2019-12-20,67.2980728149414,68.07114122602003,67.08613954782287,67.96999593464518,275978000
2019-12-23,68.3962631225586,68.45647110065944,67.52204210459728,67.56057609253462,98572000
2019-12-24,68.46131134033203,68.61063335694011,68.13619401362658,68.56246401614918,48478800
2019-12-26,69.81959533691406,69.83645533824492,68.5648628664668,68.59376152611499,93121200
2019-12-27,69.79309844970703,70.79737094783557,69.38850252439819,70.11099839799601,146266000
2019-12-30,70.20733642578125,70.4891130772608,68.69009788596185,69.71122313309827,144114400
2019-12-31,70.72029113769531,70.72751580123949,69.72565414200866,69.8243961101836,100805600
2020-01-02,72.33389282226562,72.39410082239243,71.09119881769524,71.34406947838406,135480400
2020-01-03,71.6306381225586,72.38925722098051,71.40666619485818,71.56320547713457,146322800
2020-01-06,72.20140838623047,72.23994237629597,70.50354624985978,70.75401351048198,118387200
2020-01-07,71.86185455322266,72.46633779595872,71.6426965801033,72.21105649751387,108872000
2020-01-08,73.0178451538086,73.31888511458335,71.56562867701548,71.56562867701548,132079200
2020-01-09,74.56879425048828,74.76145686133366,73.74274246581768,73.99320238999518,170108400
2020-01-10,74.73735809326172,75.30091119032697,74.23643098983341,74.80238740809561,140644800
2020-01-13,76.33409881591797,76.36059415429726,74.93486566437117,75.05287832688332,121532000
2020-01-14,75.30332946777344,76.48100118582082,75.18051017572739,76.27147857331117,161954400
2020-01-15,74.98062133789062,75.98248317068368,74.54953007278792,75.10344798902688,121923600
2020-01-16,75.91985321044922,76.03064118697364,75.16123412136378,75.52248200660513,108829200
2020-01-17,76.76036071777344,76.7627640392473,75.86205500785368,76.16790890123319,137816400
2020-01-21,76.24015808105469,76.83019183971173,76.1028821310267,76.38947268651397,110843200
2020-01-22,76.51232147216797,77.0638214037391,76.41839347401398,76.72424743670398,101832400
2020-01-23,76.88079071044922,76.96026202494508,76.01860816134078,76.56530142477,104472000
2020-01-24,76.65921783447266,77.86819158420508,76.46895853504518,77.1264324079885,146537600
2020-01-27,74.405029296875,75.08416976822737,73.42484155700832,74.67234921705278,161940000
2020-01-28,76.50989532470703,76.68088393464757,75.18531972883665,75.28406170066347,162234000
2020-01-29,78.11144256591797,78.95676515736241,77.39858197163568,78.13793790519387,216229200
2020-01-30,77.99824523925781,78.05122856412287,76.76518678742532,77.19627805111793,126743200
2020-01-31,74.5398941040039,77.71164655303768,74.24607885109228,77.29019066933044,199588400
2020-02-03,74.3351821899414,75.49839714349714,72.78422401879573,73.2851511845041,173788400
2020-02-04,76.78926849365234,76.97952779146334,75.53212542449515,75.93672133535755,136616400
2020-02-05,77.41543579101562,78.21258898353346,76.81335589638837,77.91395235806485,118826800
2020-02-06,78.3209457397461,78.32335641079244,77.12883215929374,77.68515330009288,105425600
2020-02-07,77.25636291503906,78.06989154294402,76.76631409771366,77.82124622907054,117684000
2020-02-10,77.623291015625,77.623291015625,75.7644885208781,75.8441484328751,109348800
2020-02-11,77.15494537353516,78.1905681328534,76.93768376375351,78.11815005194215,94323200
2020-02-12,78.98722839355469,78.9920538114317,77.60398368209574,77.60398368209574,113730400
2020-02-13,78.42476654052734,78.75066279160559,78.0578358133656,78.26061390209061,94747600
2020-02-14,78.4440689086914,78.69271421468866,77.93712009409066,78.3933688702963,80113600
2020-02-18,77.00772857666016,77.18878123005356,75.94796350927948,76.12901616267288,152531200
2020-02-19,78.12299346923828,78.3523297233802,77.24911404532844,77.24911404532844,93984000
2020-02-20,77.321533203125,78.3716398349872,76.81700080414447,77.88400744802773,100566000
2020-02-21,75.57136535644531,77.35775721221363,74.95578935685651,76.91598466630131,129554000
2020-02-24,71.98169708251953,73.43011814732492,69.8211400810818,71.75960997813098,222195200
2020-02-25,69.54351806640625,73.03180163978591,69.07278565467855,72.65038734565039,230673600
2020-02-26,70.646728515625,71.90927139616765,69.16209855410392,69.16934036398257,198054800
2020-02-27,66.0286636352539,69.0413810989832,65.89347830358477,67.85850576335429,320605600
2020-02-28,65.99005889892578,67.20915102510166,61.88861568726967,62.103468343907636,426510000
2020-03-02,72.1337890625,72.7686815326321,67.0425894386722,68.14338895911868,341397200
2020-03-03,69.8428726196289,73.38667475068135,68.99312746023453,73.30701482551375,319475600
2020-03-04,73.08250427246094,73.2418314905751,70.76261982320094,71.56166493954149,219178400
2020-03-05,70.71192169189453,72.31242082695749,70.34740002247567,71.33956494467967,187572800
2020-03-06,69.77283477783203,70.20494899083147,67.88989092478414,68.0757689182747,226176800
2020-03-09,64.25436401367188,67.13188921300795,63.48911178224734,63.67016438238683,286744800
2020-03-10,68.882080078125,69.14762542571471,65.0268655374001,66.90257561810807,285290000
2020-03-11,66.4897689819336,67.88749740945617,65.62795665733853,66.96292517997638,255598800
2020-03-12,59.92359161376953,65.17894700154001,59.86806983845157,61.784814276675704,418474000
2020-03-13,67.10292053222656,67.57366022928257,61.06300489011421,63.94536649521935,370732000
2020-03-16,58.47034454345703,62.5428168089279,57.93684117686896,58.40757727472599,322423600
2020-03-17,61.04129409790039,62.187957132183904,57.55059758461941,59.74978379495811,324056000
2020-03-18,59.5469970703125,60.350871115595204,57.24159305699179,57.88131450093201,300233600
2020-03-19,59.09075927734375,61.036471254980725,58.56691402825116,59.720822675289355,271857200
2020-03-20,55.33934783935547,60.792652825729554,55.04000612907548,59.670124174823826,401693200
2020-03-23,54.1637077331543,55.16070547027294,51.32480360482342,55.05931643178171,336752800
2020-03-24,59.597694396972656,59.79323063321941,56.56083807077307,57.05812866753022,287531200
2020-03-25,59.26939010620117,62.34245572079971,58.974877532799404,60.53192941719469,303602000
2020-03-26,62.3883171081543,62.4462515869641,59.47216257409066,59.5107880156471,252087200
2020-03-27,59.80530548095703,61.767913466106,59.638736473627105,61.01473571142301,204216800
2020-03-30,61.51203155517578,61.68342967850782,60.20603760216864,60.529521124828726,167976400
2020-03-31,61.386497497558594,63.366005560924876,60.833685075362965,61.70273919270683,197002000
2020-04-01,58.15651321411133,60.04187380235648,57.726815314664734,59.505957782413006,176218400
2020-04-02,59.1269645690918,59.18007364013517,57.1884945265853,58.018923255417455,165934000
2020-04-03,58.2772216796875,59.31284110700112,57.68819653151743,58.61277240805976,129880000
2020-04-06,63.361175537109375,63.51566994282337,60.201204676104986,60.568135335844495,201820400
2020-04-07,62.627315521240234,65.58934152567265,62.52351377225885,65.37207245676143,202887200
2020-04-08,64.23021697998047,64.54403851459621,63.06182517929843,63.42633937506472,168895200
2020-04-09,64.6937255859375,65.19584902236409,63.89951332637289,64.86512738575412,161834800
2020-04-13,65.9635009765625,66.07213548949194,64.17228391165321,64.77096719479518,131022800
2020-04-14,69.29486846923828,69.58455560243435,67.12223707141726,67.59297682109842,194994800
2020-04-15,68.66239929199219,69.12106449233013,67.7450688913163,68.17235045630129,131154400
2020-04-16,69.20796203613281,69.57248363661981,68.16027185080422,69.37453102131897,157125200
2020-04-17,68.26891326904297,69.27074378183441,66.83497575491855,68.72516946310567,215250000
2020-04-20,66.85186767578125,67.99853426971617,66.83255863780644,67.09810395402242,130015200
2020-04-21,64.78546142578125,66.92912586019385,64.07573448825138,66.69496415132106,180991600
2020-04-22,66.65150451660156,67.08602784822331,65.71003238672124,66.05040482183006,116862400
2020-04-23,66.39320373535156,68.01543553598502,66.35457829164004,66.59598178954948,124814400
2020-04-24,68.30994415283203,68.31960235496462,66.86876505886688,66.91704870248016,126161200
2020-04-27,68.35823059082031,68.68895219864656,67.58091104598891,68.02750161594408,117087600
2020-04-28,67.25018310546875,69.00035846269303,67.15845596472252,68.81930583953189,112004800
2020-04-29,69.45903015136719,69.92735352024151,68.53204161617626,68.73481966758834,137280800
2020-04-30,70.9243392944336,71.10056648651737,69.60869475205328,69.99735081766806,183064000
2020-05-01,69.78248596191406,72.17962007110036,69.00516668185108,69.1017265730852,240616800
2020-05-04,70.76984405517578,70.8977876030395,69.11864515995262,69.8066465413913,133568000
2020-05-05,71.8320083618164,72.66243680032687,71.0836562103967,71.22849975051801,147751200
2020-05-06,72.57312774658203,73.2031872790944,72.14825527383692,72.53208591439893,142333600
2020-05-07,73.32389068603516,73.66910326152602,72.89660917840814,73.19836352852457,115215200
2020-05-08,75.06913757324219,75.12239040799929,73.65552559886389,73.98230402182824,133838400
2020-05-11,76.25038146972656,76.74417245398942,74.36959376483475,74.57776663572473,145946400
2020-05-12,75.37894439697266,77.38317534733362,75.25791594009821,76.93294564652552,162301200
2020-05-13,74.46881866455078,76.47789576756719,73.39408522317618,75.55807493186354,200622400
2020-05-14,74.92633819580078,74.98685245577319,72.98745894244641,73.70879158063562,158929200
2020-05-15,74.48336029052734,74.52935171327063,72.6679327201148,72.70182424718615,166348400
2020-05-18,76.23828125,76.61105115017922,75.11514045510178,75.80500447840275,135178400
2020-05-19,75.79771423339844,77.09997437404789,75.76624564907384,76.25519801175672,101729600
2020-05-20,77.27185821533203,77.34204942619355,76.6158784313997,76.65460843756124,111504800
2020-05-21,76.69574737548828,77.67365953830173,76.45852890117943,77.1338698714014,102688800
2020-05-22,77.18955993652344,77.27185842972254,76.33267609193112,76.43433589476804,81803200
2020-05-26,76.66671752929688,78.4845606060167,76.61104175906425,78.30544078691085,125522000
2020-05-27,77.000732421875,77.14596806852482,75.78560919845494,76.52388732434491,112945200
2020-05-28,77.03463745117188,78.29091382648822,76.4004493161322,76.67639044487011,133560800
2020-05-29,76.9595947265625,77.73659554294788,76.60377068012559,77.27668877080987,153532400
2020-06-01,77.90603637695312,78.02706486056282,76.78288850329889,76.91360133395523,80791200
2020-06-02,78.2667007446289,78.29090791932163,77.19922860751555,77.63977407114822,87642800
2020-06-03,78.69757843017578,78.95900415271024,78.01497584988421,78.58623426753769,104491200
2020-06-04,78.01979064941406,78.81857555541607,77.6470209126839,78.52085026224736,87560400
2020-06-05,80.24187469482422,80.30238892913404,78.24006648317224,78.26911213372232,137250400
2020-06-08,80.71632385253906,80.75021537775042,79.23009773769596,79.93932296340279,95654400
2020-06-09,83.26518249511719,83.6573136410901,80.36534445233356,80.39681304328083,147712400
2020-06-10,85.40739440917969,85.8745626649843,83.77350959383725,84.2116321903992,166651600
2020-06-11,81.30692291259766,84.9765069301838,81.20526313670851,84.55290729433239,201662400
2020-06-12,82.00890350341797,84.18741636682982,80.90028576320306,83.44188410385023,200146000
2020-06-15,83.02313232421875,83.67426627857331,80.50331793854433,80.66549938713932,138808800
2020-06-16,85.22340393066406,85.49451390772815,83.44186840333514,85.07332981023045,165428800
2020-06-17,85.10482025146484,86.02705683600927,84.98379175074255,85.96654258564811,114406400
2020-06-18,85.1386947631836,85.55503301794639,84.53112944713651,85.06123476532262,96820400
2020-06-19,84.65216064453125,86.30782937031772,83.54595856056092,85.84308414219812,264476000
2020-06-22,86.86700439453125,87.00981715451016,84.99832384422328,85.04431527047004,135445200
2020-06-23,88.72115325927734,90.13718820813904,87.68998805980996,88.10874933547481,212155600
2020-06-24,87.15504455566406,89.26820486684538,86.78227469992099,88.35080675031271,192623200
2020-06-25,88.31206512451172,88.35079512662277,86.55231359048508,87.3099530977363,137522400
2020-06-26,85.59861755371094,88.42826445687878,85.45095894340278,88.20799170182455,205256800
2020-06-29,87.57138061523438,87.66578639039905,85.02978213117639,85.5066347136651,130646000
2020-06-30,88.3023910522461,88.58802392767775,87.14052040168764,87.15988171149978,140223200
2020-07-01,88.1353759765625,88.92206127344404,88.08696900587378,88.37985592496987,110737200
2020-07-02,88.1353759765625,89.67486242954287,88.02161627129679,89.04067423366814,114041600
2020-07-06,90.49300384521484,90.9601720457748,89.52961440129422,89.56108299075036,118655600
2020-07-07,90.21221923828125,91.6476154008952,90.10087509241899,90.87061453958542,112424400
2020-07-08,92.31327819824219,92.34474679060094,91.10057024745561,91.1877146099101,117092000
2020-07-09,92.71024322509766,93.2572869587544,91.66455533300416,93.20403412942578,125642800
2020-07-10,92.87242126464844,92.93051996359854,91.69602787555728,92.30600881208682,90257200
2020-07-13,92.44398498535156,96.77922651804644,92.23097365442625,94.17469096863013,191649200
2020-07-14,93.9737777709961,94.16499745387678,90.89481289415856,91.82672629574613,170989200
2020-07-15,94.62007904052734,96.09420527190387,93.42431687945134,95.84488685944433,153198000
2020-07-16,93.45576477050781,94.31022548870118,92.8578838224014,93.49449476804814,110577600
2020-07-17,93.26696014404297,94.06090662183887,92.79494615025625,93.90599401950857,92186800
2020-07-20,95.23248291015625,95.37045717183655,93.01040144233045,93.35412562962276,90318000
2020-07-21,93.91809844970703,96.09661104261261,93.6687800817764,96.02157397759412,103433200
2020-07-22,94.18195343017578,94.86213298167614,93.53324246932021,93.62037944003524,89001600
2020-07-23,89.89512634277344,93.99314942038049,89.08665688068213,93.91568941051719,197004400
2020-07-24,89.67242431640625,90.01614846898383,86.31267234298356,88.09663844239333,185438800
2020-07-27,91.79768371582031,91.88966654711753,90.50994623863684,90.7326345162056,121214000
2020-07-28,90.28968048095703,91.54595685387366,90.28483461346657,91.36925259131361,103625600
2020-07-29,92.02037811279297,92.20434377285328,90.73505619988047,90.7713632677891,90329200
2020-07-30,93.13384246826172,93.23792519284922,90.78830982976133,91.19496376791191,158130000
2020-07-31,102.88389587402344,103.03397001244983,97.62157236005555,99.61612680199143,374336800
2020-08-03,105.47633361816406,108.09054616095987,104.4645371706777,104.76226254133908,308151200
2020-08-04,106.18069458007812,107.26995077307812,104.94377981745819,105.66511213347285,173071600
2020-08-05,106.56558990478516,106.88510690463526,105.43760344433963,105.90235611566642,121776800
2020-08-06,110.2835693359375,110.77736760867772,106.30899814130089,106.89719478834881,202428800
2020-08-07,107.77619171142578,110.26174899503663,106.98081367668276,109.80586023116359,198045600
2020-08-10,109.34272766113281,110.35877585729011,106.6971231069657,109.21905362761316,212403600
2020-08-11,106.09087371826172,109.10506522291367,105.83140397675015,108.60795666047292,187902400
2020-08-12,109.61671447753906,109.87375687982836,106.98565970661953,107.17965145918507,165598000
2020-08-13,111.55667114257812,112.55817011651827,110.50667052619417,110.99408465160128,210082000
2020-08-14,111.45726013183594,111.54698151987802,109.65068105796512,111.38208775805406,165565200
2020-08-17,111.166259765625,112.60182410704658,110.54062998121614,112.57757328432733,119561600
2020-08-18,112.09258270263672,112.51694618501556,110.58427334354063,110.91891544512356,105633600
2020-08-19,112.23320770263672,113.64452094897047,112.13863913268811,112.49995190044544,145538000
2020-08-20,114.72364807128906,114.83762028422797,112.25748652761663,112.27446284451047,126907200
2020-08-21,120.6356201171875,121.11817961837231,115.6693525872738,115.6814742972318,338054800
2020-08-24,122.07846069335938,124.91806397068724,120.2161130032418,124.83318239328597,345937600
2020-08-25,121.07694244384766,121.42128630177416,119.35766525675145,120.95327585147248,211495600
2020-08-26,122.72348022460938,123.17936898693925,121.32671591454528,122.39126546065715,163022400
2020-08-27,121.25639343261719,123.657076446734,120.11424426928406,123.32486169573068,155552400
2020-08-28,121.05998992919922,122.64589153107447,120.83689273182479,122.22880256231407,187630000
2020-08-31,125.1654052734375,127.06656032182518,122.2166916072517,123.7492518971319,225702700
2020-09-01,130.15106201171875,130.75245576113278,126.61066398001222,128.7737011544299,151948100
2020-09-02,127.45452880859375,133.83695705739137,123.18665076532004,133.45866793446768,200119000
2020-09-03,117.25040435791016,124.97139321089942,116.88181705951085,123.09935129507485,257599600
2020-09-04,117.32801818847656,119.98574406174012,107.56038329847304,116.46474218511382,332607200
2020-09-08,109.43244171142578,115.41717816603585,109.29664597406735,110.52850942019397,231366600
2020-09-09,113.79731750488281,115.56266939432574,111.799173992742,113.7391214492864,176940500
2020-09-10,110.0822982788086,116.88181506989982,109.12202651754133,116.74601936225844,182274400
2020-09-11,108.63704681396484,111.77006490232608,106.69709954942977,111.12987875287997,180860300
2020-09-14,111.89614868164062,112.4490333059739,109.41301877590674,111.27536620520715,140150100
2020-09-15,112.07076263427734,115.26197700807842,110.19871308977739,114.77699015613865,184642000
2020-09-16,108.76313781738281,112.51693833812011,108.67584374495958,111.7700619173575,154679000
2020-09-17,107.02689361572266,108.83104527474275,105.4458391619844,106.42551466292394,178011000
2020-09-18,103.63197326660156,107.55066740012516,102.90449308489,107.08508422800398,287104900
2020-09-21,106.77468872070312,106.88138640178967,100.00427017683465,101.40103443810513,195713800
2020-09-22,108.4527587890625,109.47123415071694,105.88233436259476,109.29663858587081,183055400
2020-09-23,103.90357208251953,108.74373815268274,103.56407541081022,108.26845317272523,150718700
2020-09-24,104.97054290771484,106.93958810787352,101.84722676940335,102.01212050333626,167743300
2020-09-25,108.90866088867188,109.06386025424962,104.43708092226807,105.17426310813617,149981400
2020-09-28,111.50819396972656,111.85738515107656,109.39365066057967,111.55669562281366,137672400
2020-09-29,110.66429901123047,111.84766814275456,110.1599159291002,111.11049343812664,99382200
2020-09-30,112.33264923095703,113.73911550361659,110.20841190929694,110.37330565840851,142675200
2020-10-01,113.28323364257812,114.18530951408272,112.35205974301084,114.1077098390407,116120400
2020-10-02,109.62641906738281,111.90586307346008,108.85044458473479,109.50032515653433,144712000
2020-10-05,113.00192260742188,113.14742012517607,110.1405034929378,110.4896945754234,106243800
2020-10-06,109.7622299194336,112.63335124814374,108.87955028037823,112.2259566607193,161498200
2020-10-07,111.62455749511719,112.0804462459722,110.70307818585619,111.17837055181317,96849000
2020-10-08,111.51789093017578,112.90495378456839,111.14929614349687,112.75945623194846,83477200
2020-10-09,113.45781707763672,113.48691510258755,111.46936816913343,111.81855926916633,100506900
2020-10-12,120.66471862792969,121.42129686008033,115.69845107798898,116.45502931013961,240226800
2020-10-13,117.46382141113281,121.62500974923826,116.05736241261016,121.50861023337559,262330500
2020-10-14,117.55110931396484,119.33585728240598,116.02825097556021,117.36681195189107,150712000
2020-10-15,117.08551788330078,117.56080289760202,114.60238771843201,115.15527240046332,112559200
2020-10-16,115.44627380371094,117.90031363584822,115.24258020189322,117.63841657614508,115393800
2020-10-19,112.4975357055664,116.80421323996534,112.18714446524658,116.358026294525,120639300
2020-10-20,113.98160552978516,115.40746797741103,112.15805033404632,112.71093501778782,124423700
2020-10-21,113.36080932617188,115.14555707254407,112.95341481857757,113.1668101796244,89946000
2020-10-22,112.27444458007812,114.49568501963495,111.14927164811971,113.92339674553574,101988000
2020-10-23,111.58576965332031,113.05043193781697,110.84858760677534,112.89523260157101,82572600
2020-10-26,111.59546661376953,113.05042702646372,109.49061825916863,110.58669317293085,111850700
2020-10-27,113.09893035888672,113.75851276167866,111.10078693291935,112.02225897491293,92276800
2020-10-28,107.86107635498047,111.96406850952522,107.76408046155812,111.59548115439539,143937800
2020-10-29,111.85737609863281,113.41903447764516,108.83105523861934,108.99595640558233,146129200
2020-10-30,105.59132385253906,108.62733847489969,104.48555457025763,107.72526275511105,190272600
2020-11-02,105.50402069091797,107.35667373960923,104.09756199136386,105.8338155489353,122866900
2020-11-03,107.12389373779297,108.14236164402186,105.46523966166725,106.36731546450528,107624400
2020-11-04,111.49846649169922,112.11924902667879,108.97653651830575,110.71279021468385,138235500
2020-11-05,115.45594024658203,116.02822843855644,113.36080141230897,114.40836712929038,126387100
2020-11-06,115.32478332519531,115.8203179514325,112.837361996159,114.96527127109147,114457900
2020-11-09,113.02201843261719,118.53125707811864,112.75967691224703,117.0835046153836,154515300
2020-11-10,112.68191528320312,114.25597883957684,110.8940807658282,112.27382528066764,138023400
2020-11-11,116.10211944580078,116.2381494579348,113.1385999950758,113.86733537997074,112295000
2020-11-12,115.83002471923828,117.11259831587537,115.20817130347953,116.22840350190613,103162300
2020-11-13,115.87863159179688,116.27700303551688,114.52804275815001,116.05352836084144,81581900
2020-11-16,116.88912963867188,117.55956098518271,114.80008723878368,115.5482521194945,91183000
2020-11-17,116.00495147705078,117.24865863043144,115.58714291023577,116.16041857776305,74271000
2020-11-18,114.68350219726562,116.42275133775613,114.65435397133162,115.24705927558566,76322100
2020-11-19,115.27619934082031,115.68428930116418,113.4980835539356,114.25596702688232,74113000
2020-11-20,114.0130615234375,115.40251710432108,113.96448361868471,115.27620565626937,73604300
2020-11-23,110.62202453613281,114.28513837643995,110.52486130551306,113.85761126601786,127959300
2020-11-24,111.90459442138672,112.56531474410036,109.39774313111327,110.68032441615657,113874200
2020-11-25,112.7402114868164,113.43979858279869,111.90459439029078,112.27382503154757,76499200
2020-11-27,113.2843246459961,114.15880846315034,112.92481998616722,113.26489496698315,46691300
2020-11-30,115.67457580566406,117.54013622605181,113.49808123546687,113.65354831037159,169410200
2020-12-01,119.24053192138672,119.96926723797301,116.60736920035771,117.57901628913943,127728200
2020-12-02,119.59032440185547,119.87210294466338,117.4624149241799,118.56037345602128,89004200
2020-12-03,119.45428466796875,120.27046459048226,118.74497909552679,120.01783429457547,78967600
2020-12-04,118.78384399414062,119.37654924842553,118.07453843287111,119.12391895649799,78260400
2020-12-07,120.24131774902344,121.03806800243322,118.78384723085345,118.84214367939516,86712000
2020-12-08,120.85344696044922,121.43644107050238,119.6000214847598,120.84373582820557,82225500
2020-12-09,118.32720184326172,122.37896912827428,117.56931816843408,120.99923180163522,115089200
2020-12-10,119.74577331542969,120.35791566525569,116.74338766599487,117.08346263085474,81312200
2020-12-11,118.93932342529297,119.27939842297663,117.13205925122674,118.95875310526962,86939800
2020-12-14,118.32720184326172,119.85268774115538,118.09400857710251,119.1239522979626,79184500
2020-12-15,124.25422668457031,124.27366377761385,120.61055011219938,120.81459511068267,157243700
2020-12-16,124.18620300292969,124.73032296084445,122.97164423038534,123.79755012617825,98208600
2020-12-17,125.05098724365234,125.90604149372504,124.40969655609783,125.24531371153455,94359800
2020-12-18,123.06881713867188,125.43963827870924,122.54412684965975,125.30360828671483,192541500
2020-12-21,124.59430694580078,124.672040495101,119.94983486476208,121.47532055765235,121251600
2020-12-22,128.14077758789062,130.59904266881472,125.97399466980123,127.87842881518668,168904800
2020-12-23,127.24688720703125,128.6751945398209,127.07198305177502,128.41286054616967,88223700
2020-12-24,128.22830200195312,129.67606189128196,127.38297355158525,127.59673715473882,54930100
2020-12-28,132.81443786621094,133.44600251933943,129.72459253226933,130.19099379190865,124486200
2020-12-29,131.04605102539062,134.8549062093824,130.53107920371312,134.13589678161503,121047300
2020-12-30,129.9286346435547,132.13427742745725,129.6177004950943,131.735898609551,96452100
2020-12-31,128.92788696289062,130.91976696038572,127.98538786397091,130.27847616245157,99116600
2021-01-04,125.74085998535156,129.82177500940742,123.16599358092327,129.73433032505793,143301900
2021-01-05,127.29547882080078,128.00479186519019,124.78862757117713,125.23559175221487,97664900
2021-01-06,123.0105209350586,127.33435496235823,122.7967573877346,124.0987683518539,155088000
2021-01-07,127.2080307006836,127.89790663345559,124.23479308365204,124.72061661130184,109578200
2021-01-08,128.30599975585938,128.86955684085643,126.53759495540402,128.67521556411702,105158200
2021-01-11,125.32304382324219,126.47930629071162,124.85665734789745,125.52709624591981,100384500
2021-01-12,125.1481704711914,126.01293594243306,123.26317240831035,124.85667332698577,91951100
2021-01-13,127.17887878417969,127.72299874717103,124.84693184960055,125.1092658720847,88636800
2021-01-14,125.2550277709961,127.28576659581172,125.10927181431389,127.09144014639318,90221800
2021-01-15,123.53520202636719,126.52787663913662,123.39917203606663,125.1287025525268,111598500
2021-01-19,124.2056655883789,125.06071988412404,123.34090015787666,124.15708026227341,90757300
2021-01-20,128.28656005859375,128.73352422939956,124.90523244341398,125.0121142129877,104319500
2021-01-21,132.98934936523438,135.7099645282226,129.80234769109845,130.0064001294405,120150900
2021-01-22,135.126953125,135.88483658611096,131.19177987621222,132.41604973812463,114459400
2021-01-25,138.86778259277344,140.97625472972098,132.66867020571667,139.01353853335786,157611700
2021-01-26,139.10101318359375,140.20869037046396,137.3617564370404,139.52854031294,98390600
2021-01-27,138.0321807861328,140.20867556656404,136.4289690465183,139.36333253146313,140843800
2021-01-28,133.20310974121094,137.9641898687069,132.82416793009364,135.56422012291074,142621100
2021-01-29,128.2185516357422,132.86302336292994,126.51816929301403,131.9788209864335,177523800
2021-02-01,130.33670043945312,131.54154780221725,127.2177077051634,129.95775878259116,106239800
2021-02-02,131.16262817382812,132.44519444855226,130.7933975854858,131.8816374338767,83305400
2021-02-03,130.1424102783203,131.92052618668296,129.82176496768204,131.9108002272906,89880900
2021-02-04,133.49465942382812,133.50437056213588,130.77404325496124,132.4355671278361,84183100
2021-02-05,133.08099365234375,133.72324245824956,132.20521062487953,133.65513325973174,75693800
2021-02-08,133.22695922851562,133.27561713779653,131.29048728628555,132.37062753976116,71297200
2021-02-09,132.35118103027344,134.1708861386868,132.19549648512387,132.94477197557092,76774200
2021-02-10,131.74786376953125,133.3048279995829,130.7844904817518,132.80853804149436,73046600
2021-02-11,131.49485778808594,132.72095704438246,130.17144270344224,132.24413324277845,64280000
2021-02-12,131.72840881347656,131.88410821935858,130.0936095966532,130.73585850968206,60145100
2021-02-16,129.6070556640625,132.35118706954955,129.2178071626484,131.84518629017936,80576300
2021-02-17,127.32027435302734,128.6631557746567,125.98713342468182,127.71924852152779,97918500
2021-02-18,126.22068786621094,126.50288006540657,123.98255701846796,125.7243978338029,96856700
2021-02-19,126.37638092041016,127.19379548505816,125.3351725587671,126.7364377000899,87668800
2021-02-22,122.61048889160156,126.2304187991235,122.22124775949521,124.56641277376495,103916400
2021-02-23,122.47425079345703,123.30138352656303,115.20519947854247,120.43074421044315,158273000
2021-02-24,121.97797393798828,122.18232386351377,118.94190941685854,121.5790071569596,111039900
2021-02-25,117.73523712158203,123.05808944115938,117.29734557401017,121.32597453863157,148199500
2021-02-26,117.99797821044922,121.49139980199843,117.93958722628282,119.2921941436735,164560400
2021-03-01,124.35232543945312,124.48855870917815,119.48683030882653,120.42100448300808,116307900
2021-03-02,121.75414276123047,125.2572974809927,121.64710128326877,124.95563918354922,102260900
2021-03-03,118.77647399902344,122.32828720569532,118.56239100874602,121.45249652917722,112966300
2021-03-04,116.89839935302734,120.27505462421279,115.42902496763867,118.47482266404644,178155000
2021-03-05,118.15367889404297,118.65969453198089,114.40724922583529,117.72552038212189,153766600
2021-03-08,113.22979736328125,117.74497601487798,113.08383103215061,117.67685938357114,154376600
2021-03-09,117.83255004882812,118.77645723226702,115.59442688495044,115.827968557669,129525800
2021-03-10,116.75244140625,118.88352353506721,116.23669261108125,118.4164400921035,111943300
2021-03-11,118.67914581298828,119.89551948779854,117.99797952475683,119.2435449798976,103026500
2021-03-12,117.77416229248047,117.9103955487277,115.95447204511132,117.16111263936789,88105100
2021-03-15,120.65454864501953,120.6642817142442,117.18058534747087,118.14395874848536,92403800
2021-03-16,122.19205474853516,123.79766976227535,121.36492199120141,122.31855495993447,115227900
2021-03-17,121.4038314819336,122.47423888090718,119.04892629520441,120.71293209328559,111932600
2021-03-18,117.2876205444336,119.86633436304555,117.08327064661763,119.57440169521924,121229700
2021-03-19,116.76216888427734,118.16343408346621,116.46051051329101,116.67459352140682,185549500
2021-03-22,120.07068634033203,120.53777713211232,117.02488910943605,117.09300574322106,111912300
2021-03-23,119.24356079101562,120.89782623844285,118.8543196786337,120.0123099463268,95467100
2021-03-24,116.85946655273438,119.5938800533793,116.8400078374971,119.51603034411634,88530500
2021-03-25,117.34601593017578,118.38723908571315,115.79879193762964,116.32426633816141,98844700
2021-03-26,117.94933319091797,118.21207408800578,115.72093550893463,117.11246742653448,94071200
2021-03-29,118.12450408935547,119.28249444245718,117.48226251708941,118.37751194468804,80819200
2021-03-30,116.674560546875,117.16111000084517,115.66253679171842,116.87891042664381,85671900
2021-03-31,118.8640365600586,120.19717735139929,117.89093762370798,118.37748709188328,118323800
2021-04-01,119.6911849975586,120.8394421912494,119.19490239563412,120.33343394406754,75089100
2021-04-05,122.51316833496094,122.7661761594041,119.75929632134557,120.53777850848313,88651200
2021-04-06,122.8148193359375,123.71006860087718,122.26988629191437,123.09701892635115,80171300
2021-04-07,124.4593734741211,124.47883218903853,121.77361794195266,122.44505868103397,83466700
2021-04-08,126.85318756103516,126.88237934347556,125.06268894589843,125.48111439308595,88844600
2021-04-09,129.42214965820312,129.46106707973098,125.98711183634272,126.30823624511144,106686700
2021-04-12,127.70954895019531,129.2762393125197,127.11595782289686,128.95511478316322,91420000
2021-04-13,130.813720703125,131.03754421397457,128.38097265896974,128.87726276289945,91266500
2021-04-14,128.47824096679688,131.36834576141277,128.11819914098413,131.3099622056929,87222800
2021-04-15,130.88185119628906,131.36840082898902,130.04498523411246,130.220150823009,89347100
2021-04-16,130.5509796142578,131.04725481288563,129.69464764958488,130.68721289515452,84922400
2021-04-19,131.21266174316406,131.82571884662076,129.75301328602865,129.91843832937323,94264200
2021-04-20,129.5292205810547,131.88411859918818,128.2641887932471,131.38784340823202,94812300
2021-04-21,129.90872192382812,130.15199668398512,127.76790700410929,128.7993896114448,68847100
2021-04-22,128.39068603515625,130.54122653689166,127.8749447465964,129.46108603950333,84566500
2021-04-23,130.7066650390625,131.4851323617936,128.60476763173878,128.60476763173878,78657500
2021-04-26,131.09588623046875,131.42673629598994,129.96708793224363,131.20292770440926,66905100
2021-04-27,130.77476501464844,131.7673300838562,130.5022985012677,131.3780816016613,66015800
2021-04-28,129.98655700683594,131.38782184344353,129.50000754125335,130.69691506905932,107760100
2021-04-29,129.88925170898438,133.38268843991688,128.886960916459,132.79882309453924,151101000
2021-04-30,127.92359161376953,129.96709045367274,127.54408362576527,128.23497554962137,109839500
2021-05-03,128.9745635986328,130.4634190600625,128.2836714700979,128.48801399046965,75135100
2021-05-04,124.41069793701172,127.95278490720769,123.2916326716947,127.66085225567952,137564700
2021-05-05,124.65399169921875,126.94076551104096,124.5274840738415,125.72439172337612,84000900
2021-05-06,126.2498779296875,126.2596035749363,123.71008135413715,124.44963872166365,78128300
2021-05-07,126.92245483398438,127.94593245749884,126.2108752190309,127.54629547170842,78973300
2021-05-10,123.64727783203125,126.26935540308767,123.60828686336556,126.14264776926625,88071200
2021-05-11,122.73101806640625,123.08192191649415,119.67029018955704,120.38186236478138,126142800
2021-05-12,119.67030334472656,121.49309231644543,119.16343556175418,120.284401882613,112172300
2021-05-13,121.81474304199219,122.96495055227784,121.12267010296466,121.43459040557941,105861300
2021-05-14,124.23211669921875,124.66100988052594,122.67251527187383,123.06241748790161,81918000
2021-05-17,123.08192443847656,123.72526428981506,122.00969878967952,123.61804098125864,74244600
2021-05-18,121.6977767944336,123.78374532662899,121.62954445690447,123.36460169987382,63342900
2021-05-19,121.54179382324219,121.76598255328825,119.75799639849899,120.05042488794605,92612000
2021-05-20,124.09565734863281,124.49530918227134,121.94145662294912,122.06817912472063,76857100
2021-05-21,122.26313781738281,124.76825004025154,122.04869119774337,124.59279439116175,79295400
2021-05-24,123.89098358154297,124.70977916744965,122.7602750750988,122.82850742086036,63092900
2021-05-25,123.6960220336914,125.08017543327662,123.1306641265909,124.59279202902988,72009500
2021-05-26,123.64727783203125,124.17364475386753,123.22813421483384,123.75450113667013,56575900
2021-05-27,122.11691284179688,124.41732784538095,121.92196544288971,123.24762857840483,94625600
2021-05-28,121.46382141113281,122.62377842352186,121.40533868337067,122.39958223915701,71311100
2021-06-01,121.14216613769531,122.18515038351808,120.8107540580726,121.9219706400981,67637100
2021-06-02,121.90245819091797,122.07791381305455,120.91796422365286,121.14215297391479,59278900
2021-06-03,120.42086029052734,121.69778300232346,120.02120840977952,121.5320769508381,76229200
2021-06-04,122.7115249633789,122.97471215998662,120.72303005127523,120.93747667465416,75169300
2021-06-07,122.72127532958984,123.13066937489863,121.67829101219802,122.9844550910691,71057600
2021-06-08,123.5400390625,125.21662075817993,123.02342180669262,123.40357440763638,74403800
2021-06-09,123.92019653320312,124.52454534046706,123.32559732645998,123.99817846383709,56877900
2021-06-10,122.92595672607422,124.95344236430199,122.7602506959565,123.81297704481983,71186400
2021-06-11,124.1346664428711,124.22239799050632,122.91622643570359,123.33537009563992,53522400
2021-06-14,127.18560028076172,127.24408300420586,123.8617007821636,124.59276457227712,96906500
2021-06-15,126.36682891845703,127.30259723643738,126.12314095657528,126.6592574474217,62746300
2021-06-16,126.86394500732422,127.58526671760069,125.21662690472674,127.07839160028391,91815000
2021-06-17,128.46255493164062,129.20337594415264,126.37658632134162,126.52280804022224,96721700
2021-06-18,127.16613006591797,128.1896075868194,126.95168347380675,127.40981802299594,108953300
2021-06-21,128.959716796875,129.0669401319559,125.94773612079095,127.01021243070467,79663300
2021-06-22,130.59725952148438,130.69474066397615,128.29684436989922,128.7939773736595,74783600
2021-06-23,130.32431030273438,130.9286665216875,129.8661757752273,130.39255006678223,60214200
2021-06-24,130.0416259765625,131.240566385548,129.57373445842103,131.05536118547494,68711000
2021-06-25,129.7492218017578,130.50952706925113,129.45679326652197,130.09039090512184,70783700
2021-06-28,131.3770751953125,131.8352098315601,129.98318695524438,130.04166969629122,62111300
2021-06-29,132.8878936767578,133.04385750975646,130.9578895823714,131.39652484834153,64556100
2021-06-30,133.50201416015625,133.94064949902392,132.43952338561445,132.73195190270366,63261400
2021-07-01,133.8041534423828,133.86263615737064,132.3322690387213,133.15107166913734,52485800
2021-07-02,136.42626953125,136.46525305919846,134.27206149217562,134.41826831389758,78852600
2021-07-06,138.43429565429688,139.5357553993497,136.53353205806397,136.53353205806397,108181800
2021-07-07,140.9198760986328,141.231788943126,139.05809657469072,139.91586805219615,104911600
2021-07-08,139.6234893798828,140.422778328839,137.11836946520646,138.00539740279086,105575500
2021-07-09,141.44622802734375,141.97258743167365,139.04833216120844,139.1458132863032,99890800
2021-07-12,140.85165405273438,142.62570970674338,140.364278087154,142.51848639937432,76299700
2021-07-13,141.96286010742188,143.7369156295679,140.00361422588887,140.39350901995923,100827100
2021-07-14,145.38424682617188,145.79365573228569,143.95136027537654,144.36076918149035,127050800
2021-07-15,144.73117065429688,146.21279783696795,143.3762659892824,145.47199168239987,106820300
2021-07-16,142.69393920898438,145.97884856339024,142.1968210625346,144.7116829108476,93251400
2021-07-19,138.85342407226562,140.43253247911716,138.09311867670348,140.12060468938105,121434600
2021-07-20,142.4600067138672,143.38603306380864,139.35056015600642,139.83793618290784,96350000
2021-07-21,141.72894287109375,142.4405225803077,140.97839449756518,141.8556653977963,74993500
2021-07-22,143.09359741210938,144.4582442706814,142.12858757198936,142.2553100922622,77338200
2021-07-23,144.80914306640625,144.9651069434816,143.2105505102186,143.82464898024415,71447400
2021-07-26,145.228271484375,146.04705940106285,143.97083337261068,144.52644902049065,72434100
2021-07-27,143.0643310546875,145.44272791296905,141.87513262554674,145.35498894389306,104818600
2021-07-28,141.3195343017578,143.25929604709813,138.94113715127986,141.15382825419624,118931200
2021-07-29,141.96286010742188,142.8498878684949,140.92962551695572,141.03684881635502,56699500
2021-07-30,142.17733764648438,142.63547230965827,140.47152152252852,140.73470874624329,70440600
2021-08-02,141.8459014892578,143.2397895751834,141.582714310116,142.6646895204393,62880000
2021-08-03,143.6394805908203,144.30230492815897,141.51451312265684,142.1286117502495,64786600
2021-08-04,143.23977661132812,144.05856456840556,142.5866946784069,143.55170433223327,56368300
2021-08-05,143.3470001220703,144.10730535100612,142.47947159810346,143.2690181917266,46397700
2021-08-06,142.66366577148438,143.61059289976055,142.16580285802874,142.86867690985883,54126800
2021-08-09,142.6148681640625,143.21035833317768,142.05843483321482,142.72225212556916,48908700
2021-08-10,142.13650512695312,144.19631350606738,141.84363848192044,142.9565198163916,69023100
2021-08-11,142.39035034179688,143.22989365517753,142.06819844175104,142.57583309295842,48493500
2021-08-12,145.34829711914062,145.50449471411517,142.37084563416195,142.71252601119096,72282600
2021-08-13,145.5532684326172,145.88517705910473,144.7430103885552,145.42635605950554,59375000
2021-08-16,147.5251922607422,147.59353426907154,142.9858112009547,145.0065628373872,103296000
2021-08-17,146.61734008789062,148.07188700426227,145.5435005089824,146.6563820290242,92229700
2021-08-18,142.8784637451172,147.13475089008148,142.67345256358962,146.23663716721276,86326000
2021-08-19,143.21035766601562,144.4794367790495,141.06269334170713,141.5800847276963,86960300
2021-08-20,144.66490173339844,144.9675251601663,143.28843882859866,143.9327425154178,60549600
2021-08-23,146.14874267578125,146.6173203855108,144.3720292286724,144.78203658666285,60131800
2021-08-24,146.06088256835938,147.27139120779157,145.60206158624175,145.89492826143862,48606400
2021-08-25,144.8308563232422,146.74423897086186,144.28417982272728,146.24636116832204,58991300
2021-08-26,144.03036499023438,145.57278230599707,144.00107981111,144.82110951404735,48597200
2021-08-27,145.06517028808594,145.2115961914639,143.33727014912955,143.97180225819312,55802400
2021-08-30,149.47763061523438,149.83883931473636,145.07491826892314,145.45564049048158,90956700
2021-08-31,148.2183380126953,149.16526528048843,147.69117494824357,149.02859613337498,86453100
2021-09-01,148.88214111328125,151.29338682527435,148.71618680019012,149.19453621732464,80313700
2021-09-02,149.9950408935547,151.03959539227287,148.7747752992504,150.20980882981786,71115500
2021-09-03,150.62957763671875,150.95172951907767,149.44835406806936,150.10241459437898,57808700
2021-09-07,152.9627227783203,153.51915609845358,150.71743128739138,151.28363626481305,82278300
2021-09-08,151.42025756835938,153.30433974824393,150.31713314223805,153.2457694062931,74420200
2021-09-09,150.405029296875,152.39649574316758,150.2878736971047,151.7912489116524,57305700
2021-09-10,145.4263458251953,151.78148246152148,145.16276433644302,151.3129047338198,140893200
2021-09-13,145.9925537109375,147.81806596111582,145.21158088499752,147.04686479158386,102404300
2021-09-14,144.59657287597656,147.4764113119793,143.41536423851278,146.77353720711707,109296300
2021-09-15,145.48489379882812,145.8851443505808,142.88816593560387,145.02607290209997,83281300
2021-09-16,145.25062561035156,145.42635157507343,143.71798000246844,144.90896023332135,68034100
2021-09-17,142.58551025390625,145.27986467890568,142.2926436995613,145.27986467890568,129868800
2021-09-20,139.53982543945312,141.3946233415319,137.90955225490944,140.37936883525987,123478900
2021-09-21,140.01812744140625,141.16030897663776,139.38359538478255,140.5062336067531,75834000
2021-09-22,142.38059997558594,142.94679012081193,140.28173414994058,141.01389352952881,76404300
2021-09-23,143.33724975585938,143.5813028239796,142.17555476827644,143.1615238009879,64838200
2021-09-24,143.4251251220703,143.96204492535793,142.09747565204063,142.19510285111807,53477900
2021-09-27,141.91200256347656,142.48797924389808,140.39888514559524,142.00962976919416,74150700
2021-09-28,138.5343017578125,141.30674132874793,138.31953384357482,139.8424227657557,108972300
2021-09-29,139.43243408203125,141.0138935757981,138.65146109771675,139.08099698388077,74602000
2021-09-30,138.13406372070312,140.9455603850025,137.91929578685694,140.24268621892764,89056700
2021-10-01,139.25668334960938,139.5202648503588,135.80089824481317,138.52452409983053,94639600
2021-10-04,135.83018493652344,138.82716398233575,134.98088496397907,138.38785651091933,98322000
2021-10-05,137.75332641601562,138.8564511470798,136.0449547897289,136.17186716291496,80861100
2021-10-06,138.62216186523438,138.76858776803195,135.07850605934124,136.15234566592073,83221100
2021-10-07,139.88148498535156,140.7893703718494,139.32505159657362,139.65696027730579,61732700
2021-10-08,139.50071716308594,140.7502675851044,139.16880859069704,140.60384171370225,58773200
2021-10-11,139.4128875732422,141.36531233280488,138.43667519346084,138.88573944232053,64452200
2021-10-12,138.1438446044922,139.8424599517425,137.68502347441577,139.82293152821384,73035900
2021-10-13,137.55809020996094,138.03642474342516,135.88876048394778,137.88024208325538,78762700
2021-10-14,140.34031677246094,140.457472412584,138.1438384418846,138.72957195503378,69907100
2021-10-15,141.3945770263672,141.453147377337,140.09621296187518,140.35003767716657,67940300
2021-10-18,143.0639190673828,143.34701408719482,139.7545598847163,140.03765490452832,85589200
2021-10-19,145.22132873535156,145.62157933226285,143.06390800766076,143.51295730034732,76378900
2021-10-20,145.7094268798828,146.1877762179813,144.5965455732881,145.1627504339508,58418800
2021-10-21,145.9241943359375,146.08039186170322,144.35249211048287,145.2701339545865,61421000
2021-10-22,145.15306091308594,146.60760822426354,145.10424730155546,146.12927356040422,58883400
2021-10-25,145.1042022705078,145.8168331110648,144.10846150842693,145.14324421012236,50720600
2021-10-26,145.76805114746094,147.25188335627817,145.46541277347194,145.77780790953028,60893400
2021-10-27,145.3092041015625,146.16826078037482,144.95776708428832,145.80706700277705,56094900
2021-10-28,148.9407501220703,149.5264686918417,146.1585385042387,146.25616571377768,100077900
2021-10-29,146.23660278320312,146.37327190681347,142.92724374395107,143.7179733088264,124953200
2021-11-01,145.41661071777344,146.13899838558393,144.2842007193759,145.44589589912687,74588300
2021-11-02,146.45138549804688,147.96451766703325,145.11396440756303,145.12373606469237,69122000
2021-11-03,147.88641357421875,148.35499132920407,146.25614074482093,146.81257403590004,54511500
2021-11-04,147.36900329589844,148.80402155525002,147.05660823548425,147.97425010568048,60394600
2021-11-05,147.89695739746094,148.7963818494452,146.70423879606528,148.49331669815876,65463900
2021-11-08,147.07571411132812,148.18044870579655,146.80197694204415,148.02402320404659,55020900
2021-11-09,147.43743896484375,148.0435691533501,146.70421118808,146.84107977637362,56787900
2021-11-10,144.61207580566406,146.7726603269792,144.54364896685252,146.66511965093986,65187100
2021-11-11,144.5631866455078,146.0882980655143,144.37743321812488,145.62882237351127,41000000
2021-11-12,146.63577270507812,147.03659252052734,144.18189439318962,145.11064651980587,63804000
2021-11-15,146.6455535888672,148.48351596746593,146.08829332480207,147.00727451410145,59222800
2021-11-16,147.6232147216797,148.1022623119589,146.0003334167105,146.5869216938867,59256200
2021-11-17,150.0575408935547,151.53376771191043,147.61344786594324,147.62321886773208,88807000
2021-11-18,154.33953857421875,155.12165110785514,149.62733629184328,150.27258025090998,137827700
2021-11-19,156.9596405029297,157.41913113659675,153.02953515610952,154.12448394226502,117305600
2021-11-22,157.4191436767578,161.99447854129045,157.3995867561447,158.06437288139423,117467900
2021-11-23,157.80039978027344,158.18167763297342,155.5029467463392,157.51687668201387,96041900
2021-11-24,158.31858825683594,158.5141127351861,156.07001946190547,157.15519747194452,69463600
2021-11-26,153.3032684326172,156.8618668141861,152.8633347292546,156.00155632601601,76959800
2021-11-29,156.65655517578125,157.58530732404222,155.23896961955737,155.8060008585356,88748200
2021-11-30,161.6034393310547,161.81852071802552,156.34374618750323,156.41218795497596,174048100
2021-12-01,161.0852508544922,166.49158221025922,160.85061260681175,163.73463874085127,152052500
2021-12-02,160.09780883789062,160.52797144851237,154.27110143280012,155.190082479573,136739200
2021-12-03,158.22076416015625,161.27100166043388,156.14817855062066,160.35202051883033,118023100
2021-12-06,161.62298583984375,164.12573463510114,160.60623481829575,160.61600581977925,107497000
2021-12-07,167.35189819335938,167.74296195252498,164.5754126322905,165.29886939857903,120405400
2021-12-08,171.16470336914062,172.02502878126478,166.88264814477856,168.2806769394803,116998900
2021-12-09,170.65635681152344,172.79738478635073,170.03066956515224,170.9985358177286,108923700
2021-12-10,175.43698120117188,175.61296364291238,170.78343380069845,171.29180928871014,115402700
2021-12-13,171.80995178222656,178.05705234389498,171.60464142456377,177.06962931153166,153237000
2021-12-14,170.4314727783203,173.76521877848376,168.35888695654498,171.33089709564845,139380400
2021-12-15,175.2903289794922,175.48585340924998,168.4566405154073,171.19402728468987,131063300
2021-12-16,168.40774536132812,177.08916675225177,166.9315188519041,175.27076132354634,150185800
2021-12-17,167.3128204345703,169.59071677301714,165.89524955752734,166.12987292514003,195432700
2021-12-20,165.95387268066406,166.76531314131543,163.7150906232475,164.51674516713837,107499100
2021-12-21,169.1214599609375,169.3267554134747,165.33799395674112,167.72343104614094,91185900
2021-12-22,171.71218872070312,171.92727008747283,168.30022969109157,169.1703261593658,92135300
2021-12-23,172.33787536621094,172.8951357013555,171.35046721642092,171.9174985527305,68356600
2021-12-27,176.29727172851562,176.38525547317582,173.11018066452525,173.1297226627458,74919600
2021-12-28,175.2805633544922,177.27495155456995,174.5375644683696,176.13111784462515,79144300
2021-12-29,175.36854553222656,176.59059189162147,174.15627017338588,175.31966069433915,62348900
2021-12-30,174.2148895263672,176.531899082473,174.10734887256012,175.45649254440238,59773000
2021-12-31,173.5990447998047,175.22191121478994,173.2959647369927,174.10740540326523,64062300
2022-01-03,177.939697265625,178.7902515625947,173.73587028238754,173.85318194367048,104487900
2022-01-04,175.68136596679688,178.84891521802436,175.11433471652768,178.54585013474667,99310400
2022-01-05,171.00828552246094,176.14088047095728,170.7345483186125,175.5934060632604,94537600
2022-01-06,168.15357971191406,171.3797850968752,167.80162976232634,168.83792269234627,96904000
2022-01-07,168.31976318359375,170.2457092977057,167.2052575825263,169.0236630282213,86709100
2022-01-10,168.33934020996094,168.64240533418686,164.40923476090865,165.29888813158135,106765600
2022-01-11,171.16470336914062,171.26245812752686,166.99997473942338,168.46643037323963,76138300
2022-01-12,171.6046600341797,173.2177554801649,170.91054596180936,172.18146241376857,74805200
2022-01-13,168.33934020996094,172.6702655459411,167.94827640647682,171.84905393496265,84505800
2022-01-14,169.19967651367188,169.8937905683483,167.2639441267619,167.508353425533,80440800
2022-01-18,166.0027618408203,168.68147761318977,165.62148401611884,167.6745127192973,90956700
2022-01-19,162.51260375976562,167.25414945182573,162.22909557704548,166.19829964047344,94815000
2022-01-20,160.83106994628906,165.8854518373375,160.50844792121475,163.24583471657064,91420500
2022-01-21,158.7780303955078,162.61036568511253,158.67048972769118,160.74307541554964,122848900
2022-01-24,158.00572204589844,158.67052310978175,151.24047430258736,156.44151145113545,162294600
2022-01-25,156.2068634033203,159.1202179477596,153.50859022634555,155.42475069595457,115798400
2022-01-26,156.11888122558594,160.71377291639465,154.29070450112417,159.84367643647036,108275300
2022-01-27,155.6593780517578,160.1760566161972,154.74039680395836,158.8171416631375,121954600
2022-01-28,166.52090454101562,166.5404614570555,159.15929945417386,162.00422657695262,179935700
2022-01-31,170.87139892578125,171.0864802658057,165.71924760028926,166.3547206203823,115541600
2022-02-01,170.70523071289062,170.93008309016165,168.45666218750117,170.11864243059435,86213900
2022-02-02,171.90771484375,171.94682868403083,169.45385093947993,170.84209391826516,84914300
2022-02-03,169.03346252441406,172.29878204430065,168.27090671710556,170.57813105955574,89418100
2022-02-04,168.7495574951172,170.42345318106436,167.07566180917001,168.05454433189513,82465400
2022-02-07,168.0349884033203,170.27662295458384,167.3399751947351,169.20964451994723,77251200
2022-02-08,171.13803100585938,171.64705409326743,167.80982151011347,168.10348925040896,74829200
2022-02-09,172.55743408203125,172.91961588647231,171.20657123174874,172.3322952525055,71285000
2022-02-10,168.4852752685547,171.7743215374217,167.92731993059743,170.4626223841964,90865900
2022-02-11,165.07876586914062,169.42500712943504,164.49143031742815,168.6908451580762,98670700
2022-02-14,165.31370544433594,165.99892030677,163.04269054419584,163.83558309476697,86185500
2022-02-15,169.14111328125,169.29773807776493,166.654758116967,167.35955476472148,62527400
2022-02-16,168.9062042236328,169.67951494494773,166.45899759893967,168.2209893560315,61177400
2022-02-17,165.31370544433594,168.27971865617212,164.91235997613748,167.4182971510757,69589300
2022-02-18,163.76705932617188,166.93862933962222,162.68049906023276,166.23384762062662,82772700
2022-02-22,160.84999084472656,163.16993775264925,158.72580252665216,161.4960419882263,91162800
2022-02-23,156.6897735595703,162.64136771002168,156.3765239008277,162.04424861753867,90009200
2022-02-24,159.30335998535156,159.4110376690062,148.79015546543386,149.35790916683425,141147500
2022-02-25,161.36880493164062,161.6330924831591,157.47284137265066,160.38012393186045,91974200
2022-02-28,161.63311767578125,161.92678549313706,158.99992064321486,159.61662156600548,95056600
2022-03-01,159.75363159179688,163.08184127413253,158.54961021930214,161.22195543903135,83474400
2022-03-02,163.04270935058594,163.82581854222389,159.5089420061074,160.9185355637426,79724800
2022-03-03,162.7196502685547,165.3430634011942,162.05401727070716,164.91235266773373,76678400
2022-03-04,159.72427368164062,162.05401907314567,158.67687705595137,161.01640589639365,83737200
2022-03-07,155.93601989746094,161.5352302369313,155.68150083148916,159.91028134097652,96418800
2022-03-08,154.11526489257812,159.4403881412621,152.50989817230385,155.4661275372027,131148300
2022-03-09,159.50894165039062,159.95923428896205,156.04370327606966,158.06998280822745,91454900
2022-03-10,155.17250061035156,157.00300660733848,152.6861300144377,156.81701649151432,105342000
2022-03-11,151.46250915527344,155.91642822664025,151.23737032666907,155.57381332247203,96970100
2022-03-14,147.43930053710938,150.86538982544317,146.9302923114544,148.25177493215907,108732100
2022-03-15,151.81492614746094,152.28480063427574,147.204396636905,147.71340492610565,92964300
2022-03-16,156.21986389160156,156.62120932527256,151.19820652447248,153.73350876565036,102300200
2022-03-17,157.2281036376953,157.6000837703935,154.30125449850178,155.26055517399735,75615400
2022-03-18,160.51718139648438,161.00662274780382,156.38629519642316,157.1204572234023,123511700
2022-03-21,161.88763427734375,162.8371517415441,159.5676719986422,160.0571133745572,95811400
2022-03-22,165.25494384765625,165.842264360941,161.42750984935597,162.01483036264074,81532000
2022-03-23,166.61561584472656,168.9942934206818,164.1096638130363,164.4424952526729,98062700
2022-03-24,170.3941192626953,170.46263328488442,166.61563143205333,167.4476727675763,90131400
2022-03-25,171.03041076660156,171.57858276640368,169.10201037950475,170.20815276689837,80546200
2022-03-28,171.89178466796875,172.019029244763,168.36780145361686,168.53420969754978,90371900
2022-03-29,175.18081665039062,175.2297488255487,172.6161343745908,172.95874922006587,100589400
2022-03-30,174.01602172851562,175.81716272541868,172.96860982939938,174.77954921495427,92633200
2022-03-31,170.92271423339844,174.27049138056105,170.7171422878286,174.0845012718467,103049300
2022-04-01,170.62905883789062,171.18702920461877,168.3091113767006,170.35497284823808,78751300
2022-04-04,174.6718292236328,174.72077634534207,170.75629847192283,170.88355800105404,76468400
2022-04-05,171.3632049560547,174.53479031608524,170.73672061862993,173.7516811601631,73401800
2022-04-06,168.20140075683594,169.963392443072,166.5373033062765,168.72020734548278,89058800
2022-04-07,168.50485229492188,169.69909027693134,166.26321768469555,167.5455515170426,77594700
2022-04-08,166.4981231689453,168.15243700693318,165.6269183292227,168.15243700693318,76575500
2022-04-11,162.24977111816406,165.46050445879015,162.00505049807634,165.14726983208973,72246700
2022-04-12,164.1195068359375,166.28282963086016,163.12104211859076,164.47190526932062,79265200
2022-04-13,166.8015899658203,167.42807423573976,163.24825626550125,163.8551587010773,70618900
2022-04-14,161.79946899414062,167.65319663324865,161.55474838858942,167.0169140968793,75329400
2022-04-18,161.58416748046875,163.08185675186522,160.11584349387897,160.45844346214486,69023900
2022-04-19,163.86497497558594,164.27611889634176,160.44868355818875,161.5352440651779,67723800
2022-04-20,163.69854736328125,165.31371275678185,162.59242008519655,165.19623667762264,67929800
2022-04-21,162.9056396484375,167.90773030576432,162.40641490220864,165.34306268686478,87227800
2022-04-22,158.37342834472656,164.3250370614869,158.08955892864606,162.94482378114378,84882400
2022-04-25,159.44041442871094,159.7242838315626,155.11375480994548,157.71757136622622,96046400
2022-04-26,153.4888153076172,158.91181906878418,153.4105028966986,158.82372320771267,95623200
2022-04-27,153.26365661621094,156.41564486229873,152.0987839265491,152.61759051221244,88063200
2022-04-28,160.1843719482422,161.04579354437072,155.57382764277364,155.88707729102597,130216800
2022-04-29,154.32083129882812,162.69028026576657,153.9292842451666,158.42235165998022,131747600
2022-05-02,154.62429809570312,154.88858563658798,150.0333364297974,153.40069487713816,123055300
2022-05-03,156.11216735839844,157.31620351399488,153.0189101995976,154.81025192073247,88966500
2022-05-04,162.5140838623047,162.9643614673084,155.89682831665468,156.29817374379095,108256500
2022-05-05,153.4594268798828,160.61505617925764,151.6778534074066,160.38991736716943,130525300
2022-05-06,154.1848602294922,156.30235682996496,151.1458596477854,152.93984857664353,116124600
2022-05-09,149.06761169433594,152.76342612282588,148.5088364921623,151.88112823098254,131577900
2022-05-10,151.46937561035156,153.65550196924158,149.92046680625165,152.45950928453797,115366700
2022-05-11,143.61703491210938,152.39090538432077,142.94061098912724,150.47928231405317,142689800
2022-05-12,139.75454711914062,143.32291464808353,136.06854586723028,139.9604210928437,182602000
2022-05-13,144.21498107910156,145.18550397266762,140.29369821646105,141.74456868725608,113990900
2022-05-16,142.6759033203125,144.616949555646,141.34266624082053,142.68571610317943,86643800
2022-05-17,146.3031005859375,146.8226694807634,143.7934664467187,145.9305738468132,78336300
2022-05-18,138.04881286621094,144.46010573899827,137.1469043666091,143.960147405131,109742900
2022-05-19,134.6470947265625,138.87227582415818,133.91185397987616,137.1273056487035,136095600
2022-05-20,134.88235473632812,137.93115346240322,130.00036063657,136.3528361484188,137426100
2022-05-23,140.29373168945312,140.44077384848245,134.94117272312687,135.07841705772444,117726300
2022-05-24,137.5978546142578,139.17617200488684,134.62748321427134,138.03899606760518,104132700
2022-05-25,137.75474548339844,138.9997426939441,135.6176373916833,135.70586271365613,92482700
2022-05-26,140.9505157470703,141.49949297179577,134.4411865880973,134.68626677474316,90601500
2022-05-27,146.69522094726562,146.73442720207444,142.40141055796454,142.5288570634857,90978500
2022-05-31,145.9109344482422,147.69512536408004,143.95029298038025,146.13641898717157,103718400
2022-06-01,145.7835235595703,148.75389460714223,144.7737792988703,146.95009283292427,74286600
2022-06-02,148.23434448242188,148.29316134885798,143.96994216366954,144.92085472708317,72348100
2022-06-03,142.5190887451172,145.05811684755056,141.61719511269536,144.00916607250292,88570300
2022-06-06,143.2640838623047,145.6462712304333,142.0484806619193,144.13656879270374,71598400
2022-06-07,145.7835235595703,146.06781003090646,141.26424373812605,141.50932395629872,67808200
2022-06-08,145.0482635498047,146.92066479832334,144.5581031788664,145.6560576230458,53950200
2022-06-09,139.83297729492188,145.0384790561678,139.72514139394366,144.18560463111925,69473000
2022-06-10,134.431396484375,137.98995082700978,134.36276684809005,137.51940103001422,91437900
2022-06-13,129.28472900390625,132.53938671229503,128.85338540144875,130.25523715092532,122207100
2022-06-14,130.1474151611328,131.25518271689248,128.89260543359612,130.51014411570253,84784300
2022-06-15,132.7648468017578,134.63726323315953,129.5592083618082,131.64728162043858,91533000
2022-06-16,127.50055694580078,129.78470685138856,126.5006252583711,129.48080971072673,108123900
2022-06-17,128.97100830078125,130.4611001773296,127.25544681769559,127.51033981148552,134520300
2022-06-21,133.19619750976562,134.36278178825876,130.69639115129178,130.79441426737327,81000500
2022-06-22,132.68641662597656,135.04897821391006,131.2747523831488,132.1374244527046,73409200
2022-06-23,135.54896545410156,135.8626603415122,132.9609190593017,134.12750324123766,72433800
2022-06-24,138.87225341796875,139.117333627322,137.01944763359853,137.1468791706762,89116800
2022-06-27,138.87225341796875,140.66624234545563,138.19582964679236,139.89178050713437,70207900
2022-06-28,134.7353057861328,140.59762053174873,134.61767206581916,139.3330131628478,67083400
2022-06-29,136.49008178710938,137.90174634957765,133.98046254650382,134.75492447437682,66242400
2022-06-30,134.0294647216797,135.64698810352084,131.1375212724895,134.5490335635321,98964500
2022-07-01,136.1959991455078,136.30383506160413,132.99036001507756,133.36287185008192,71051600
2022-07-05,138.7742462158203,138.82326526029516,134.23535494237336,135.05883599741875,73353800
2022-07-06,140.1074676513672,141.28384979355582,138.30368070277723,138.5683715462856,74064300
2022-07-07,143.46995544433594,143.66601661315485,140.46036340026106,140.4701612232241,66253700
2022-07-08,144.14634704589844,144.64632016905765,142.14649942878123,142.40137742200497,64547800
2022-07-11,142.01907348632812,143.7542455393016,140.95052737444695,142.8033331399919,63141600
2022-07-12,142.98959350585938,145.5286208059207,142.19553604555907,142.89155544175705,77588800
2022-07-13,142.62689208984375,143.56799177024092,139.3232005090592,140.17608985764943,71185600
2022-07-14,145.5482635498047,146.01881345268225,140.43098661066193,141.24465485515523,78140700
2022-07-15,147.2147979736328,147.89122183493336,145.28356446993823,146.83247339444262,76259900
2022-07-18,144.17581176757812,148.58725611818477,143.8130828380742,147.77358792071823,81420900
2022-07-19,148.02847290039062,148.25394254490203,144.01896354895925,145.0090823866063,82982400
2022-07-20,150.02828979492188,150.6949157224323,147.41083503397257,148.1460756395822,64823400
2022-07-21,152.29283142089844,152.50850317822432,148.9499341408544,151.4595528168205,65086600
2022-07-22,151.05763244628906,153.2045374479934,150.3910214648786,152.3320525114364,66675400
2022-07-25,149.94007873535156,151.9889458272938,149.28326552705713,150.97921649648936,53623900
2022-07-26,148.6166534423828,150.07732200029463,147.83239373585778,149.2636538636445,55138700
2022-07-27,153.70448303222656,154.2338646113094,149.1656081545016,149.57734107239523,78620700
2022-07-28,154.25350952148438,154.53779601902812,151.37136349671525,153.89078059336344,81378700
2022-07-29,159.31195068359375,160.40992030893383,156.36119003723385,158.06695385906744,101786900
2022-08-01,158.33164978027344,160.37071938994356,157.72385550686172,157.84148924790597,67829400
2022-08-02,156.86114501953125,159.21392420256825,156.48863324172908,156.94938527079637,59907000
2022-08-03,162.86073303222656,163.31167231688755,157.58660124880873,157.67482654904526,82507500
2022-08-04,162.5469970703125,163.89984462441896,161.19414951620604,162.7430582477967,55474100
2022-08-05,162.3212432861328,162.81208464474912,160.0142829089203,160.22044287042655,56697000
2022-08-08,161.8500213623047,164.7361708864107,161.19229575323052,163.32254540690658,60276900
2022-08-09,161.89910888671875,162.78263230320212,160.25970057725633,161.0156004495246,63135500
2022-08-10,166.13998413085938,166.23814341245296,163.8428352480907,164.60854654925055,70170500
2022-08-11,165.4036865234375,167.85789272456063,165.10917878344554,166.94492022851418,57149200
2022-08-12,168.94760131835938,169.01631131920942,166.2970460032489,166.70936592550703,68039400
2022-08-15,170.0176239013672,170.21395743937939,168.21133138479297,168.37821564106778,54091700
2022-08-16,169.86056518554688,170.52811724537264,168.51566461022102,169.61514449782814,56377100
2022-08-17,171.35269165039062,172.92337473871223,169.40896440067246,169.6052979143018,79542000
2022-08-18,170.96002197265625,171.6962839363271,169.94889007422466,170.56735491708034,62290100
2022-08-19,168.37820434570312,170.55754092380556,168.1720444080825,169.86053968443733,70346300
2022-08-22,164.50054931640625,166.74859572706774,164.0784180378036,166.58171149389958,69026800
2022-08-23,164.16677856445312,165.6196796113523,163.5974008535258,164.0195321647684,54147100
2022-08-24,164.46128845214844,165.03066617037743,163.2047358944321,164.25514348994625,53841500
2022-08-25,166.91549682617188,167.0234825149317,165.26627719342727,165.68839353539587,51218200
2022-08-26,160.6228790283203,167.91678748247466,160.56398047750997,167.44558409670634,78961000
2022-08-29,158.42396545410156,159.9161124345619,156.89254277561915,158.19816763869952,73314000
2022-08-30,155.9991912841797,159.58232691391927,154.83098655063566,159.1602105704912,77906200
2022-08-31,154.3401336669922,157.63858767600124,154.2615972644816,157.3735291899389,87991100
2022-09-01,155.06655883789062,155.51812435449008,151.83681534634707,153.77073087696763,74229900
2022-09-02,152.9559783935547,157.4226376540656,152.13136852434044,156.82381061062185,76957800
2022-09-06,151.69940185546875,154.21250676362826,150.8747921160952,153.60386838160778,73714800
2022-09-07,153.1031951904297,153.8001813128386,150.79623553618094,151.9840778426693,87449600
2022-09-08,151.63070678710938,153.49589780674214,149.88329791132227,151.8074024718103,84923800
2022-09-09,154.4873809814453,154.92915012061422,151.91537744584716,152.62219009337275,68028800
2022-09-12,160.4364013671875,161.25119983056848,156.38206187837264,156.66674327917337,104956000
2022-09-13,151.02206420898438,157.59933535695706,150.56067213786505,156.97105902298662,122656600
2022-09-14,152.46510314941406,154.22232317214238,150.79624593389804,151.95462406702927,87965400
2022-09-15,149.57896423339844,152.39640331677907,148.6071081028978,151.81719923234522,90481100
2022-09-16,147.93959045410156,148.577693242223,145.65226780231728,148.44025825358446,162278800
2022-09-19,151.6503448486328,151.7288812650201,146.368901915373,146.57504690151106,81474200
2022-09-20,154.0260009765625,155.18439428665013,150.27598106267698,150.59011171978128,107689800
2022-09-21,150.90428161621094,155.83233347953606,150.78648447327026,154.45796856830157,101696800
2022-09-22,149.9422149658203,151.64052177438083,148.14573389948876,149.58880860884872,86652500
2022-09-23,147.67453002929688,148.69548848555903,145.83878806603744,148.42061851178616,96029900
2022-09-26,148.00830078125,150.95334879982894,146.89899456754617,146.91863241520423,93339400
2022-09-27,148.9801483154297,151.88593544780034,147.20330517830297,149.9422080635759,84442700
2022-09-28,147.09532165527344,147.8806707549768,142.1869085062377,144.93562286555536,146691400
2022-09-29,139.87014770507812,144.0324877695267,138.10311583907216,143.42384928540386,128138200
2022-09-30,135.66851806640625,140.4787712884576,135.47218456289696,138.69210195416497,124925300
2022-10-03,139.84071350097656,140.44936703001858,135.16790871082608,135.67838796700266,114311700
2022-10-04,143.423828125,143.54162523892447,141.61752082886468,142.3734205948832,87830100
2022-10-05,143.71832275390625,144.6803824609242,140.39041942925496,141.43101553965928,79471000
2022-10-06,142.76609802246094,144.83744897574383,142.55995305808347,143.13914221609966,68402200
2022-10-07,137.52392578125,140.47880029356153,136.8956494527264,139.9290453992253,85925600
2022-10-10,137.84786987304688,139.29094450363405,136.03176603772727,137.84786987304688,74899000
2022-10-11,136.43421936035156,138.76081689569904,135.68814610919395,137.337365394685,77033700
2022-10-12,135.8059539794922,137.78895683135124,135.6292583188671,136.58149154588781,70433700
2022-10-13,140.3708038330078,140.9598044199806,131.90868942611982,132.5173428390662,113224000
2022-10-14,135.84527587890625,141.87280790341703,135.6587537430503,141.66664791660483,88598000
2022-10-17,139.8014373779297,140.282452315822,137.7006369919499,138.48598615048115,85250900
2022-10-18,141.11685180664062,144.01281203046764,138.03436952113134,142.8249846575733,99136600
2022-10-19,141.22483825683594,142.2948685353432,138.9080670690917,139.09458913180654,61758300
2022-10-20,140.76345825195312,143.21766459219867,140.0370077826972,140.40024050696854,64522000
2022-10-21,144.5723876953125,145.14176534962488,140.03700430524796,140.25297565616944,86548600
2022-10-24,146.7124481201172,147.47815927955588,143.32564645655586,144.49385104011358,75981900
2022-10-25,149.54954528808594,149.6968066869272,146.62413491177585,147.34075911907576,74732300
2022-10-26,146.61428833007812,149.20592954793565,145.32827166402765,148.19479776463467,88194300
2022-10-27,142.1476593017578,146.3198108162611,141.48993368404496,145.35776595535313,109180200
2022-10-28,152.88726806640625,154.6150242142885,145.11234293200243,145.48537216958695,164762400
2022-10-31,150.53123474121094,151.41475823578028,149.13724698324478,150.3545390298714,97943200
2022-11-01,147.89047241210938,152.60255171953904,146.3983256985316,152.2393339638939,80379300
2022-11-02,142.3734130859375,149.38262560122348,142.34396380900958,146.22160672381153,93604600
2022-11-03,136.3360595703125,140.18425286730874,136.20843606207234,139.45780248243508,97918500
2022-11-04,136.07061767578125,140.2890164015465,132.13737261509453,139.71869406725023,140814800
2022-11-07,136.6015625,136.827719829141,133.40580174577732,134.82177198830993,83374600
2022-11-08,137.171875,139.06965789658196,135.19542542837,138.06669154902085,89908500
2022-11-09,132.619140625,136.23773265765962,132.34381476431366,136.18856411022261,74917800
2022-11-10,144.4188690185547,144.4188690185547,137.17187238968415,138.88283878011893,118854000
2022-11-11,147.20167541503906,147.5064994693465,141.9606252113591,143.3864383750097,93979700
2022-11-14,145.8053741455078,147.77199641885335,144.96955367768106,146.48386123047396,73374100
2022-11-15,147.53598022460938,151.02673737922098,146.08068410249945,149.67960607049233,89868300
2022-11-16,146.3068389892578,147.36881668355312,144.83187247009243,146.6411761367448,64218300
2022-11-17,148.20468139648438,148.95199258833983,143.71094152135223,143.98626748699053,80389400
2022-11-18,148.76513671875,150.15160903599656,147.46717380781297,149.76811828911318,74829600
2022-11-21,145.5398712158203,147.8604860232478,145.2547175972566,147.65399909356225,58724100
2022-11-22,147.67364501953125,147.9096450709946,144.47788413446048,145.65786938764137,51804100
2022-11-23,148.54881286621094,149.29612388958984,146.84767388557262,146.95583870512687,58301400
2022-11-25,145.63819885253906,146.3953525551104,144.66471552066162,145.8348580598712,35195900
2022-11-28,141.8131103515625,144.19272111621666,140.9871327315936,142.7177546502144,69246000
2022-11-29,138.81405639648438,142.39330897926848,138.00774892115945,141.88198289483077,83763800
2022-11-30,145.55953979492188,146.23802684928043,138.2043770255708,139.04018245155586,111380900
2022-12-01,145.83482360839844,146.64114567335426,144.16319823477002,145.73650153002748,71250400
2022-12-02,145.3431854248047,145.5300169012177,143.21923022579475,143.52406921601985,65447400
2022-12-05,144.1829071044922,148.4013049961633,143.33725898348703,145.3038811249747,68826400
2022-12-06,140.52499389648438,144.8417290558683,139.55151049910586,144.61557170242608,64727200
2022-12-07,138.58787536621094,140.97731424983792,137.66356048798676,139.8170142991394,69721100
2022-12-08,140.2693328857422,141.12482380942538,138.7452125702619,139.98417924727298,62128300
2022-12-09,139.78749084472656,143.14058484738695,138.5485094221092,139.96447961702353,76097000
2022-12-12,142.07861328125,142.0884409898644,138.7058487137347,140.31847817047847,70462700
2022-12-13,143.04225158691406,147.46715106267968,141.83278326469596,147.00499369488003,93886200
2022-12-14,140.81997680664062,144.21239680146076,138.80418622868987,142.9242617747897,82291200
2022-12-15,134.22198486328125,139.43353745953314,133.7598273780729,138.75505030022137,98931900
2022-12-16,132.2651824951172,135.35277902524194,131.4982009688156,134.4088086870883,160156900
2022-12-19,130.160888671875,132.94366095306307,129.12842399506934,132.85516655290323,79592600
2022-12-20,130.09205627441406,131.0261987808424,127.72227301817315,129.19723960857664,77432800
2022-12-21,133.18946838378906,134.52677190815584,130.53453175568677,130.76068907847488,85928000
2022-12-22,130.02322387695312,132.31434056379908,128.12544063659777,132.10785363301125,77852100
2022-12-23,129.65940856933594,130.21006041152802,127.47645662054781,128.7350936895975,63814900
2022-12-27,127.85991668701172,129.21689054689435,126.5717817929533,129.18739241986506,69007800
2022-12-28,123.93651580810547,128.84323545768694,123.76935474336571,127.50593193563417,85438400
2022-12-29,127.44695281982422,128.30242867918332,125.5983306446105,125.8539861302219,75703700
2022-12-30,127.7615966796875,127.78126710171549,125.30332657301084,126.26697469654857,77034200
2023-01-03,122.98271179199219,128.71540946850325,122.09773035328112,128.10576142344397,112117500
2023-01-04,124.25119018554688,126.51280869797894,122.99255318811515,124.77234386397704,89113600
2023-01-05,122.93354797363281,125.63765344479737,122.67789249421179,125.0083349534918,80962700
2023-01-06,127.4567642211914,128.11558077623516,122.80570749443298,123.90701849100518,87754700
2023-01-09,127.97793579101562,131.18353963295718,127.72228030225448,128.29260255023266,70790800
2023-01-10,128.54823303222656,129.06938662217883,125.9817909176488,128.0860756971166,63896200
2023-01-11,131.26220703125,131.28186245070447,128.28277553296553,129.0595847172529,69458900
2023-01-12,131.18353271484375,132.0193381171801,129.24640871746402,131.6456901154858,71379600
2023-01-13,132.510986328125,132.6683196907436,129.46273119909978,129.82655147153693,57809700
2023-01-17,133.67129516601562,134.99875596810472,131.8915047175872,132.5798193932039,63646600
2023-01-18,132.95352172851562,136.296774002363,132.77651790001315,134.5366534532576,69672800
2023-01-19,133.0124969482422,133.9761376268957,131.53753029546903,131.84235433638028,58280400
2023-01-20,135.56907653808594,135.71658218378784,131.97999755468973,133.02230476612493,80223600
2023-01-23,138.75503540039062,140.92815961902411,135.59860004292767,135.81492969380113,81760300
2023-01-24,140.15133666992188,140.77082749424633,137.95855701188813,137.96838472187488,66435100
2023-01-25,139.49252319335938,140.05300275817604,136.49342112366645,138.53871015801215,65799300
2023-01-26,141.5574951171875,141.842648779811,139.53186132489677,140.78067082207204,54105100
2023-01-27,143.4945526123047,144.77285978471076,140.69212554632242,140.77079221891566,70555800
2023-01-30,140.6134490966797,143.12089472125817,140.46595847340612,142.54074493087208,64015300
2023-01-31,141.88194274902344,141.93111130163894,139.9054929686203,140.31848180314623,65874500
2023-02-01,143.0029296875,144.16324461699494,138.961535368266,141.56730384751015,77663600
2023-02-02,148.302978515625,148.65695608667727,145.69719525256042,146.41500811186492,118339000
2023-02-03,151.9215545654297,154.75349514117664,145.36287177724367,145.5595309829737,154357300
2023-02-06,149.19781494140625,150.54496158543438,148.26367223482333,150.0238078121574,69858300
2023-02-07,152.06907653808594,152.63939885505883,148.12600388600742,148.12600388600742,83322600
2023-02-08,149.3845977783203,152.00020850727236,148.64711456554969,151.31189384284664,64120100
2023-02-09,148.35214233398438,151.75440537570756,147.9096553354024,151.213581264491,56007100
2023-02-10,148.71653747558594,149.04152741969745,146.95372962642622,147.19009004770194,57450700
2023-02-13,151.513427734375,151.9171894883824,148.62791894110939,148.65746211757215,62199000
2023-02-14,150.8732452392578,151.4345954776921,148.56878800441328,149.80964612462722,61707600
2023-02-15,152.97091674804688,153.13833305811258,150.5581292969133,150.78463194852628,65573800
2023-02-16,151.3755340576172,153.95573796607766,151.02100096105386,151.17855953849067,68167900
2023-02-17,150.23313903808594,150.67630162569367,148.55896091432058,150.03617955770974,59144100
2023-02-21,146.22494506835938,149.00212332766463,146.15601601247863,147.91882364629484,58867200
2023-02-22,146.64842224121094,147.67262055430007,144.9250004924314,146.60902132895072,51011300
2023-02-23,147.1309814453125,148.05670759936388,145.00379786650186,147.8105044744373,48394200
2023-02-24,144.48184204101562,144.9545478123535,143.50687229977612,144.87576101262292,55469600
2023-02-27,145.6734619140625,146.90447752822308,145.21059884097443,145.46665970602933,44998500
2023-02-28,145.17123413085938,146.81586942805245,144.60004099931746,144.81670098117985,50547000
2023-03-01,143.1030731201172,144.99391093566584,142.80762642427203,144.59999202590106,55479000
2023-03-02,143.6939697265625,144.48182259076125,141.71448733904464,142.18720807379,52238100
2023-03-03,148.73622131347656,148.81500811176437,145.09241829817535,145.79162671403117,70732300
2023-03-06,151.4937286376953,153.92621703534178,151.12935277334321,151.45432771735832,87558000
2023-03-07,149.297607421875,151.69069500723498,148.83474426282984,151.36570502149803,56182000
2023-03-08,150.5482635498047,151.1391569879468,149.5240652876753,150.48917721139935,47204800
2023-03-09,148.30288696289062,152.19289270805663,147.9483539187185,151.22778082054958,53833600
2023-03-10,146.24465942382812,148.64760438030467,145.3681768808884,147.92869544727571,68572400
2023-03-13,148.1847381591797,150.81418573238946,145.45680332509693,145.56513330123872,84457100
2023-03-14,150.27252197265625,151.07021762009597,147.82034869008896,148.98242012042218,73695900
2023-03-15,150.6664581298828,150.92250395033966,147.64307677577528,148.8937927615987,77167900
2023-03-16,153.48300170898438,154.08373780814682,149.33693534803646,149.84904194741503,76161100
2023-03-17,152.64593505859375,154.35951419092353,151.93686886777078,153.70953434482817,98944600
2023-03-20,155.0094757080078,155.42311016638172,151.80883520237765,152.71487589238697,73641400
2023-03-21,156.86093139648438,156.9791040860205,154.16253977805687,154.93070734117964,73938300
2023-03-22,155.4329376220703,159.6774765177441,155.41323716716616,156.88061300312046,75701800
2023-03-23,156.5162353515625,159.0964541870748,155.28521978995877,156.41776312286146,67622100
2023-03-24,157.81619262695312,157.90482213956633,155.45264879499626,156.44730394409444,59196500
2023-03-27,155.8760986328125,158.3282868109909,155.4723219600322,157.5108907515981,52390300
2023-03-28,155.2556915283203,156.08294548571627,153.61105638332387,155.57083875533723,45992200
2023-03-29,158.3282928466797,158.60403911493316,156.92986104995282,156.94954647836764,51305700
2023-03-30,159.89413452148438,160.0024644815908,158.82069266127598,159.07673846378026,49501700
2023-03-31,162.3955841064453,162.49407137264149,159.4510041879724,159.97295363930863,68749800
2023-04-03,163.64625549316406,163.76442815863666,161.7258745440201,161.775118163648,56976200
2023-04-04,163.11447143554688,164.3060859426903,162.6023648150906,164.0697406002056,46278300
2023-04-05,161.27285766601562,162.54327395468036,159.3426339632527,162.23798454444034,51511700
2023-04-06,162.1592254638672,162.45467221127325,159.53962067833683,159.96308282888376,45390100
2023-04-10,159.5691375732422,159.5691375732422,157.6487565719111,158.96840146235982,47716900
2023-04-11,158.3578338623047,159.8941387722609,158.0722298566841,159.88429605818737,47644200
2023-04-12,157.66848754882812,159.59871163720814,157.35334033527027,158.77147274218814,50133100
2023-04-13,163.04554748535156,163.28190788405584,158.96842452673738,159.1752417539843,68445600
2023-04-14,162.7008819580078,163.79402444901268,161.3319931654023,162.09028798128088,49386500
2023-04-17,162.72055053710938,162.8781241294329,161.53877864877254,162.5826774005875,41516200
2023-04-18,163.94174194335938,164.86746811951792,163.13418846133288,163.57736611842117,49923000
2023-04-19,165.08413696289062,165.60608642613127,163.02586725800396,163.2819281451353,47720200
2023-04-20,164.1189727783203,165.3204450523275,163.04553091898333,163.56748026442403,52456400
2023-04-21,162.51376342773438,163.92203809382642,161.99181400338804,162.54330660065614,58337300
2023-04-24,162.81903076171875,163.08493430890758,161.40089854610392,162.49404087672,41949600
2023-04-25,161.28271484375,163.7841314779638,161.24331393654106,162.6811465088041,48714100
2023-04-26,161.27285766601562,162.76977657727082,160.32744626830737,160.58349205788602,45498800
2023-04-27,165.85226440429688,165.9999802574992,162.6811671878293,162.6811671878293,64902300
2023-04-28,167.10296630859375,167.27039764589344,165.33031595199535,165.93105213681218,55275900
2023-05-01,167.01434326171875,167.86128258741087,166.07877442017465,166.70905380019818,52472900
2023-05-02,165.9802703857422,167.76279339985444,164.99545801480568,167.50673256610264,48425700
2023-05-03,164.90679931640625,168.3240988407953,164.62121039128857,166.92566732485858,65136000
2023-05-04,163.2720489501953,164.50306450874902,161.81453073644045,162.3857237588548,81235400
2023-05-05,170.93389892578125,171.65280778469676,168.1665634032941,168.38322333782398,113453200
2023-05-08,170.8649444580078,171.20963479482143,169.49605587870553,169.86043164324718,55962800
2023-05-09,169.16127014160156,170.90437768216194,168.99385379727335,170.4218291094066,45326900
2023-05-10,170.92404174804688,171.38690478906514,169.28924951921832,170.39224965147537,53724500
2023-05-11,171.1111602783203,171.93839911576495,169.5551548305296,171.20964753246403,49514700
2023-05-12,170.18414306640625,171.6535334613317,168.63584185680983,171.2196142676148,45533100
2023-05-15,169.6910858154297,170.815324358024,169.09937498339835,170.76601261404946,37266700
2023-05-16,169.6910858154297,170.74628490689332,169.42481443623242,169.61219003463674,42110300
2023-05-17,170.302490234375,170.53916250241704,168.06386972955488,169.3360433616003,57951600
2023-05-18,172.6298828125,172.8172584115987,170.1940301198803,170.60822168470452,65496700
2023-05-19,172.7383575439453,173.95134816577144,172.5213979143073,173.95134816577144,55809500
2023-05-22,171.79161071777344,172.2945693897219,171.05197977463047,171.57465110395842,43570900
2023-05-23,169.18812561035156,170.9829707500323,168.9119979039132,170.73642708015296,50747300
2023-05-24,169.46424865722656,170.03623176135926,168.16250594092847,168.72461766792532,45143500
2023-05-25,170.59835815429688,171.49576564962197,169.31632809947834,170.02637505144457,56058300
2023-05-26,173.00462341308594,173.33993425328168,170.71670589408566,170.92380920574092,54835000
2023-05-30,174.8487548828125,176.51539231960112,174.12885165758402,174.51345913931758,55964400
2023-05-31,174.79945373535156,176.87042648421155,174.3162227478627,174.87834951174753,99625300
2023-06-01,177.6001739501953,177.62975798334406,174.4838587106697,175.24321733975688,68901800
2023-06-02,178.4482879638672,179.2668146743205,176.78165050926717,178.52718373632618,61996900
2023-06-05,177.09725952148438,182.39301299737724,175.57854201305094,180.1050954524954,121946500
2023-06-06,176.7323455810547,177.62975297431,174.97694105936182,177.4818328127375,64848400
2023-06-07,175.361572265625,178.70470351330488,174.8684849721747,175.97299569419778,61944600
2023-06-08,178.0735626220703,178.33981894141047,175.0065588784877,175.44046308150416,50214900
2023-06-09,178.4581756591797,179.71060666093933,178.13273621096323,178.99070336218668,48900000
2023-06-12,181.2490234375,181.34764691680866,178.468018885392,178.7638742754878,54274900
2023-06-13,180.77565002441406,181.60403301510047,179.91768300176238,180.272706433175,54929100
2023-06-14,181.4068145751953,181.84073380664427,179.50350482104812,180.83483150172444,57462900
2023-06-15,183.43833923339844,183.94129793003785,181.23917400121888,181.4166932611595,65433200
2023-06-16,182.36341857910156,184.4048073735327,181.7224110612984,184.14839232814637,101256200
2023-06-20,182.45213317871094,183.52707478677846,181.86043752572817,181.86043752572817,49799100
2023-06-21,181.4166717529297,182.8466218007744,180.06560242478363,182.34366316376426,49515700
2023-06-22,184.4146270751953,184.46393880857786,181.13066426325057,181.1997036995518,51245300
2023-06-23,184.09909057617188,184.96692915011988,182.45218058994394,182.9847233686237,53117000
2023-06-26,182.7085723876953,185.4501365723536,182.6691169769034,184.24700235631448,48088700
2023-06-27,185.46002197265625,185.7854614474672,183.10306491069133,183.32002456056532,50730800
2023-06-28,186.63352966308594,187.27453708797546,185.0063477089331,185.33177206150037,51216800
2023-06-29,186.9688262939453,187.4422009047134,186.32781886596203,186.4658826988121,46347300
2023-06-30,191.28829956054688,191.79124321876165,188.61575961709715,188.98065447297634,85213200
2023-07-03,189.79916381835938,191.19952989799955,189.10882958307744,191.10090642215079,31458200
2023-07-05,188.68478393554688,190.311965971159,187.98459336367247,188.92147125163748,46920300
2023-07-06,189.1581573486328,189.36526064633148,186.5842409083175,187.21539208287066,45094300
2023-07-07,188.0437774658203,190.0062704618662,187.60987325439862,188.76369580404943,46815000
2023-07-10,186.00241088867188,187.36333679085425,184.45410938571575,186.6434184249519,59922200
2023-07-11,185.47972106933594,186.68285528837708,184.02018687082855,186.5447914459214,46638100
2023-07-12,187.1463623046875,189.04967210294507,185.86433228601203,187.05759515232103,60750200
2023-07-13,187.9056854248047,188.5467078881079,187.15619821079162,187.86624506525828,41342300
2023-07-14,188.0536651611328,188.53688115718742,187.00832233558717,187.60001815586816,41616200
2023-07-17,191.30801391601562,191.63345333608896,189.15814548736353,189.24689758888442,50520200
2023-07-18,191.0515899658203,191.64330071063998,189.75970372238763,190.6768538720752,48288200
2023-07-19,192.40267944335938,195.48939585264796,189.9865395225249,190.4303301514657,80507300
2023-07-20,190.45993041992188,193.75375040663724,189.8386355247165,192.39282446393295,59581200
2023-07-21,189.28636169433594,192.2744696321092,188.5861710830146,191.41650251566858,71951700
2023-07-24,190.08514404296875,192.21528467718613,189.59205676918674,190.73602285584008,45377800
2023-07-25,190.94314575195312,191.7518162507371,190.25282645288883,190.6571617022808,37283200
2023-07-26,191.8109588623047,192.9351972994816,190.64728006234532,190.99243214213982,47471900
2023-07-27,190.5486602783203,194.47363103189025,189.8879250921341,193.3099522093675,47460200
2023-07-28,193.12257385253906,193.91151654263126,191.4559363697747,191.97860770429688,48291400
2023-07-31,193.73399353027344,193.77344894031904,192.56044337061044,193.34938604539337,38824100
2023-08-01,192.90557861328125,194.0100891467456,192.58013924942247,193.52687331226866,35175100
2023-08-02,189.9175262451172,192.48157144604934,189.19762292480593,192.34350758944402,50389300
2023-08-03,188.5269775390625,189.7103839306254,188.05361799200307,188.92145636813592,61235200
2023-08-04,179.4739227294922,184.78940327661547,179.40488328381886,182.95511789971007,115956800
2023-08-07,176.37734985351562,180.59817633552169,174.8980878140883,179.61200164257014,97576100
2023-08-08,177.314208984375,177.77771228390873,175.12490000933562,177.20572916857282,67823000
2023-08-09,175.72642517089844,178.42853349511947,174.56273151146587,178.36936543660772,60378500
2023-08-10,175.50949096679688,178.25105509162734,175.14461118800062,176.99860916334498,54686900
2023-08-11,175.56875610351562,176.38838822312198,174.34425781198718,175.10464195853916,52036700
2023-08-14,177.21788024902344,177.44500246999712,175.09473274674426,175.74649049543365,43675600
2023-08-15,175.2329864501953,177.23762299403361,174.8379899652799,176.6451282666605,43622600
2023-08-16,174.364013671875,176.30938743269644,174.29488099061055,174.91701484938284,46964900
2023-08-17,171.8260955810547,175.29223725703497,171.31258808782235,174.9268647491592,66062900
2023-08-18,172.30996704101562,172.9123464424467,169.81157749118245,170.14732599213767,61172200
2023-08-21,173.6431121826172,173.92949746098708,171.56935789788312,172.88274314562352,46311900
2023-08-22,175.0157470703125,175.46012191641384,174.04799506153495,174.8478727981476,42038900
2023-08-23,178.85714721679688,179.2817827873095,176.10201110060572,176.28963972003098,52722800
2023-08-24,174.1763916015625,178.8374232276998,173.8110039705464,178.4127876208845,54945800
2023-08-25,176.37852478027344,176.91177162464882,173.62338845938785,175.16389608553052,51449600
2023-08-28,177.9387664794922,178.33376298082638,176.31925671498092,177.8400098200833,43820700
2023-08-29,181.8196563720703,182.58991008586239,177.2573820568172,177.45488030453177,53003900
2023-08-30,185.30555725097656,185.50307057198083,182.43192527543482,182.62942352828824,60813900
2023-08-31,185.52279663085938,186.75717945843076,185.1376697913831,185.49317264844964,60794500
2023-09-01,187.0929412841797,187.54718572230075,185.92767607044595,187.1225652663115,45766500
2023-09-05,187.32992553710938,187.60642607121574,185.26604116890505,185.92766852324166,45280000
2023-09-06,180.62478637695312,186.4905763861184,179.20277485131902,186.04618648324464,81755800
2023-09-07,175.34164428710938,175.98353252575788,171.37186410651492,172.99137409505227,112488800
2023-09-08,175.953857421875,177.9881329660241,175.56873058484743,176.121746745329,65551300
2023-09-11,177.119140625,178.0473990105972,175.12437356668377,177.82027676778657,58953100
2023-09-12,174.09739685058594,177.87954850785982,172.6358914674074,177.2475449582567,90370200
2023-09-13,172.03347778320312,175.08486860955094,171.8063404869434,174.30473020059844,84267900
2023-09-14,173.5443572998047,173.89986015970092,171.4113401404273,171.82609096561458,60895800
2023-09-15,172.82345581054688,174.29484548306786,171.64833608181547,174.2750911398521,109259500
2023-09-18,175.7465057373047,177.13889330258442,173.96899129951683,174.27511585610648,67257600
2023-09-19,176.832763671875,177.38576479928514,174.91699900323943,175.30212586469654,51826900
2023-09-20,173.29750061035156,177.45489404541186,173.20861358406935,177.0203888259045,58436200
2023-09-21,171.75694274902344,174.09734264324985,171.6878251518227,172.36920682730067,63149100
2023-09-22,172.60621643066406,174.86761425499944,171.87547142547365,172.48772049861157,56725400
2023-09-25,173.880126953125,174.7590070374673,171.97423178505466,172.02361011818323,46172700
2023-09-26,169.81163024902344,173.01114177617532,169.51537527513614,172.6358995395284,64588900
2023-09-27,168.30068969726562,170.87808171574733,166.93794126401278,170.46333088230946,66921800
2023-09-28,168.55746459960938,169.8807195182162,165.5258128129139,167.2243249736919,56294400
2023-09-29,169.07098388671875,170.9077464641982,168.21184303928078,169.8708616906263,51861100
2023-10-02,171.5792236328125,172.12235512412923,168.79444856905252,169.0808338409062,52164500
2023-10-03,170.24606323242188,171.46070671019788,168.68581669291316,170.1078129668395,49594600
2023-10-04,171.49034118652344,172.03347264460572,168.83394692911625,168.95244285882518,53020300
2023-10-05,172.7247314453125,173.2579782200924,170.52258153582127,171.61871413723316,48527900
2023-10-06,175.2725067138672,175.76625988669193,171.0163417068709,171.6286058875163,57266700
2023-10-09,176.75376892089844,176.81301689163445,173.60362121945622,174.6009972191987,42390800
2023-10-10,176.16123962402344,177.4746247468579,175.72673446240606,175.87486944103904,43698000
2023-10-11,177.55364990234375,177.60302823490863,175.38113888285298,175.9736336691769,47551100
2023-10-12,178.4522705078125,180.06189553412176,176.80312172309905,177.82026707710477,56743100
2023-10-13,176.6155242919922,179.65703072033497,175.91438812346496,179.15340788479125,51427100
2023-10-16,176.48712158203125,176.84262444155877,174.3047260977915,174.5417330268598,52517000
2023-10-17,174.9367218017578,176.19085892709333,172.6160912129652,174.44296868905948,57549400
2023-10-18,173.6431121826172,175.36137864838344,172.9222367694585,173.3863659573123,54764400
2023-10-19,173.26788330078125,175.6181383369893,173.0012523479638,173.84062376512662,59302900
2023-10-20,170.7200927734375,173.22835212793277,170.4830858385587,173.11972583296543,64244000
2023-10-23,170.83859252929688,171.8359684831129,167.80694090892598,168.77470794688867,55980100
2023-10-24,171.27308654785156,171.50020876645127,169.3079436842464,170.8879597127696,43816600
2023-10-25,168.96234130859375,170.89784530264086,168.51795139973865,169.73259505065448,57157000
2023-10-26,164.80496215820312,169.2388718478027,163.60020300099617,168.24148062117436,70625300
2023-10-27,166.11830139160156,166.8490614359056,164.745668316651,164.82467062426355,58499100
2023-10-30,168.16244506835938,169.03145545417337,166.7601878982554,166.90832288755587,51131000
2023-10-31,168.63645935058594,168.76482492650203,165.80230595130433,167.23420217717043,44846000
2023-11-01,171.79647827148438,172.05322449399938,167.99457285522465,168.86358325166134,56934900
2023-11-02,175.35150146484375,175.5588693503195,173.26786256268767,173.32711052996643,77334800
2023-11-03,174.44302368164062,174.61091305285592,171.18426416503794,172.06314437997906,79829200
2023-11-06,176.99073791503906,177.18823614800198,174.00847994055556,174.17635419198152,63841300
2023-11-07,179.5484161376953,180.1606652677133,176.7340169447808,176.94138484513783,70530000
2023-11-08,180.60504150390625,181.15804266662394,179.3212801943679,180.07179468790036,49340300
2023-11-09,180.13104248046875,181.81966995293175,179.53853262491765,180.67417400336535,53763500
2023-11-10,184.31365966796875,184.48177017271385,181.47578777634308,181.91086536697577,66133400
2023-11-13,182.73159790039062,183.94782669363863,182.1482051958573,183.74018560328048,43627500
2023-11-14,185.34205627441406,186.0045554032819,184.21481647353394,185.59914075952597,60108400
2023-11-15,185.9056854248047,187.3790139742788,185.67826393327664,185.7474876978312,53790500
2023-11-16,187.5866241455078,188.8226331691939,186.53847581950137,187.44819173837502,54412900
2023-11-17,187.56687927246094,188.24915879673333,186.45941980581802,188.1206090057824,50922700
2023-11-20,189.3071746826172,189.76203272766995,187.75475490242272,187.7646375447921,46505100
2023-11-21,188.50619506835938,189.3763501912699,187.61627466574618,189.26758080090607,38134500
2023-11-22,189.16873168945312,190.77059476808083,188.69410838615653,189.34672485819107,39617700
2023-11-24,187.84373474121094,188.76331834061182,187.13179223741543,188.7336553269539,24048300
2023-11-27,187.66571044921875,188.5358656068872,186.7856726513042,187.79426021241986,40552600
2023-11-28,188.26890563964844,188.9413024556769,187.2800983304318,187.65584993609482,38415400
2023-11-29,187.2504425048828,189.93999969621768,186.85492560121705,188.76331653900834,43014200
2023-11-30,187.82394409179688,188.18981305356235,186.08364867108205,187.71517468500207,48794400
2023-12-01,189.09951782226562,189.4159283197641,187.11200544734405,188.19969953750024,45704800
2023-12-04,187.3097686767578,187.9228394923183,185.35193435249073,187.85361573572166,43389500
2023-12-05,191.25511169433594,192.22413865175915,188.05137051787239,188.08104861869373,66628400
2023-12-06,190.16744995117188,192.5801273781731,189.95979375458376,192.2735994925461,41089700
2023-12-07,192.0955810546875,192.81740609388598,191.42318430562543,191.4627450433353,47477700
2023-12-08,193.51950073242188,193.79636559429088,191.50232520965804,192.0263919187675,53406400
2023-12-11,191.01779174804688,191.3243346926335,189.27749628821252,190.9485830810774,60943700
2023-12-12,192.53065490722656,192.54053754746204,189.5741159727842,190.91889435682484,52696900
2023-12-13,195.74429321289062,195.7838388648497,192.66910200901862,192.90640609677627,70404200
2023-12-14,195.89260864257812,197.38570218691584,193.96443748585023,195.80361960949875,66831600
2023-12-15,195.35865783691406,196.17935458626624,194.79503045579114,195.3190970971854,128538400
2023-12-18,193.69744873046875,194.42917151631295,192.214237877434,193.89520715993984,55751900
2023-12-19,194.7357177734375,194.7456004150459,193.69746706046115,193.96444926391277,40714100
2023-12-20,192.6493377685547,195.46742966263125,192.6493377685547,194.69616113684165,52242800
2023-12-21,192.50099182128906,194.87413831888384,191.33420648650613,193.90511142023345,46482500
2023-12-22,191.43310546875,193.2228443252002,190.81015202156473,192.9954077755279,37149600
2023-12-26,190.88925170898438,191.719846217368,190.6717128965979,191.44298138124012,28919300
2023-12-27,190.9881134033203,191.3342019743918,188.9511728919884,190.33551208827305,48087700
2023-12-28,191.41331481933594,192.48122849088116,191.00790021395272,191.96704448132198,34049900
2023-12-29,190.3750762939453,192.2241411947973,189.5840274029703,191.72973752393827,42672100
2024-01-02,183.56216430664062,186.3308274284663,181.83175174149957,185.05525771688224,82488700
2024-01-03,182.18775939941406,183.79952025374087,181.37693010719954,182.15809638511382,58414500
2024-01-04,179.8739471435547,181.04073256447913,178.85547678867908,180.1112512492328,71983600
2024-01-05,179.15211486816406,180.71443234786256,178.1534248404595,179.95306152436652,62379700
2024-01-08,183.48306274414062,183.52262348166371,179.46850790157933,180.0519005320401,59144500
2024-01-09,183.06781005859375,183.07769270137814,180.68478049118508,181.8614637667107,42841800
2024-01-10,184.10604858398438,184.31368968460146,181.86145160567418,182.28664662503843,46792900
2024-01-11,183.51271057128906,184.95637561143621,181.56475932944636,184.4520743217413,49128400
2024-01-12,183.83905029296875,184.64987951630312,183.11722519297732,183.97748271061099,40477800
2024-01-16,181.57469177246094,182.1976301200088,178.90489995610474,180.12114381484557,65603000
2024-01-17,180.6353302001953,180.88253205239923,178.28197882705663,179.2411232206481,47317400
2024-01-18,186.5187225341797,187.02300881659582,183.75005912545993,184.0071435872404,78005800
2024-01-19,189.4159393310547,189.80157360580037,186.70661676571424,187.21090309791916,68903000
2024-01-22,191.71986389160156,193.143748944668,190.1081030206995,190.14766376550878,60133900
2024-01-23,192.9954071044922,193.55903452389106,191.66052626402544,192.83720939883855,42355600
2024-01-24,192.32301330566406,194.18197579456825,192.16480052192722,193.23271418014866,53631300
2024-01-25,191.9967041015625,194.07320538533628,190.9485708187439,193.0349547434494,54822100
2024-01-26,190.26626586914062,192.58007092887775,189.79164267206622,192.0955650921974,44594000
2024-01-29,189.5840301513672,190.04877081575225,187.45810037105477,189.86089500402176,47145600
2024-01-30,185.93531799316406,189.65324309628332,185.37170567810733,188.80286821503816,55859400
2024-01-31,182.3360595703125,185.00585134318092,182.28663127585358,184.94651023142666,55467800
2024-02-01,184.76852416992188,184.857513201702,181.7625567551165,181.93065217781273,64885400
2024-02-02,183.7698516845703,185.23328233515724,177.2437171517322,177.84689023760967,102551700
2024-02-05,185.579345703125,187.1317803970082,183.75994390321247,186.0440863383638,69668800
2024-02-06,187.18121337890625,187.19109601961685,184.67953227102765,184.76852130142626,43490800
2024-02-07,187.2899932861328,188.91163664571195,186.49894443287428,188.50622203381667,53439000
2024-02-08,186.21221923828125,187.41855040104747,185.25307484073457,187.27023532431497,40962000
2024-02-09,186.97454833984375,188.10322646586073,186.13298359451971,186.77652244170517,45155200
2024-02-12,185.2914276123047,186.79633688725167,184.93500212895557,186.54881961012742,41781900
2024-02-13,183.20237731933594,184.36077144619387,181.68757282391297,183.92513863049606,56529500
2024-02-14,182.3212127685547,183.6875129162611,180.62820312290157,183.4796068721132,54630500
2024-02-15,182.03411865234375,182.65786706531418,179.5490504680876,181.72719962604296,65434500
2024-02-16,180.49948120117188,183.0142649801448,179.86583763061847,181.59845842120637,49752500
2024-02-20,179.75692749023438,180.61828269677792,178.21242224791314,179.98463913307552,53665600
2024-02-21,180.50941467285156,181.07374623255754,178.8658962581704,180.13318356154335,41371400
2024-02-22,182.53903198242188,183.1231842228548,180.64801151557128,181.65787110291916,52292200
2024-02-23,180.7073974609375,183.20236045475278,180.4202689919066,183.1726595934398,45119700
2024-02-26,179.36090087890625,180.94500218994074,178.8559560281093,180.43017719516277,40867400
2024-02-27,180.81631469726562,182.09349711935678,177.77679547469845,179.30151026553332,54318900
2024-02-28,179.6183319091797,181.30144633523983,178.34114943443706,180.69750358801915,48953900
2024-02-29,178.95497131347656,180.75690414056305,177.74708592784262,179.46981142225187,136682600
2024-03-01,177.8758087158203,178.73716395290236,175.61845249589473,177.76690051629518,73563100
2024-03-04,173.36109924316406,175.14321147352493,172.06409607852763,174.4006596751229,81510100
2024-03-05,168.43052673339844,170.3314573247722,167.9354922531265,169.06417026385637,95132400
2024-03-06,167.44049072265625,169.53944760498507,167.00485787713032,169.3612273012443,68587700
2024-03-07,167.3216552734375,169.0344703547855,166.81672553933012,167.47015957545335,71765100
2024-03-08,169.0344696044922,171.97497562938204,167.26225281020422,167.32165453074688,76267000
2024-03-11,171.034423828125,172.64824117092596,170.34137853305091,171.22253935977105,60139500
2024-03-12,171.5096435546875,172.30170175265368,169.3116892312768,171.43043622416553,59825400
2024-03-13,169.43052673339844,171.4700666239107,169.06419090034882,171.05423942259554,52488700
2024-03-14,171.2819366455078,172.57892461566286,170.34137411890524,171.1928340614332,72913500
2024-03-15,170.90573120117188,170.90573120117188,168.5988682774061,169.47013396047814,121752700
2024-03-18,171.9948272705078,175.9452089236444,171.79681644661977,173.82646138280157,75604200
2024-03-19,174.3313751220703,174.8561105550952,171.31166123855039,172.6086493883763,55215200
2024-03-20,176.89566040039062,176.89566040039062,173.35121088659923,173.97495931074826,53423100
2024-03-21,169.66810607910156,175.7273381457555,169.1433707597941,175.29170540355622,106181300
2024-03-22,170.569091796875,171.33144918231721,168.37113733503185,170.05425166968308,71160100
2024-03-25,169.15330505371094,170.2324767040703,167.76719930445816,168.87608692531137,54288300
2024-03-26,168.02462768554688,169.71763732680742,167.8959138727621,168.31174106723407,57388400
2024-03-27,171.5888671875,171.87599567632833,168.42064920188324,168.71767294274684,60273300
2024-03-28,169.7770538330078,170.51960569647457,168.81668554767697,170.04437673388762,65672700
2024-04-01,168.34144592285156,169.54933141950085,167.79690490268092,169.48992969134684,46240500
2024-04-02,167.16326904296875,167.65830361021796,166.55932626663449,167.40089107386055,49329500
2024-04-03,167.96522521972656,168.98499523543435,166.9058590852198,167.11376514661308,47691700
2024-04-04,167.14346313476562,170.21266810452119,167.14346313476562,168.59885072968464,53704400
2024-04-05,167.8959197998047,168.69787335368648,167.2721714324497,167.90581505219322,42104800
2024-04-08,166.7771453857422,167.51969724864153,166.56923932419392,167.35138730592178,37425500
2024-04-09,167.9850311279297,168.3909631058002,166.6781477036779,167.02466284236104,42373800
2024-04-10,166.11376953125,167.41075745661644,165.4504251384005,167.12364410431726,49709300
2024-04-11,173.3016815185547,173.7175238179071,166.49001666248702,166.66822184170525,91070300
2024-04-12,174.79669189453125,176.5887144383463,172.47993396851362,172.52942533467058,101670900
2024-04-15,170.9750213623047,174.8758957155582,170.78690583147454,173.6185038309996,73531800
2024-04-16,167.69790649414062,172.0343988146065,166.59892920522176,170.04436539186383,73711200
2024-04-17,166.33160400390625,168.95528100035153,166.33160400390625,167.9256158132339,50901200
2024-04-18,165.38111877441406,166.96523521407434,164.8959946340493,166.36129252101995,43122900
2024-04-19,163.36138916015625,164.74747975255278,162.45052746983075,164.559379327856,68149400
2024-04-22,164.19305419921875,165.59895049362888,163.1336881290828,163.87623994630854,48116400
2024-04-23,165.2425079345703,165.391027347015,163.28217556978177,163.7079130900853,49537800
2024-04-24,167.3414764404297,167.6186945681344,164.55938480415762,164.88609429896647,48251800
2024-04-25,168.2028045654297,168.91565538094494,166.4800792433924,167.84637915767206,50558300
2024-04-26,167.61868286132812,169.63841695172266,167.49986430971396,168.19292468782604,44838400
2024-04-29,171.77696228027344,174.2818355072499,171.38094074443057,171.64824848286057,68169400
2024-04-30,168.6384735107422,173.2521991943247,168.31174889120035,171.60868084411632,65934800
2024-05-01,167.61868286132812,170.9948217396029,167.43056733625505,167.8959009696714,50383100
2024-05-02,171.3116455078125,171.69777183075684,169.19289835753364,170.79680537480178,94214900
2024-05-03,181.55885314941406,185.14289799826793,180.84600228009177,184.796367814728,163224100
2024-05-06,179.90545654296875,182.3707188474722,178.62825898838415,180.53910014061182,78569700
2024-05-07,180.5885772705078,183.0637497391675,179.5193160584302,181.62815272879564,77305800
2024-05-08,180.9252166748047,181.25194126160505,179.64801918938014,181.0341248704048,45057100
2024-05-09,182.73704528808594,182.82614787366472,180.3014688648197,180.74699689996783,48983000
2024-05-10,181.4779510498047,183.50042466657956,180.56585391849484,183.3120539854214,50759500
2024-05-13,184.68020629882812,185.4931713127623,183.03445892506747,183.84742393900163,72044800
2024-05-14,185.82034301757812,186.6828817403559,184.6901339480471,185.89965779253163,52393600
2024-05-15,188.09068298339844,189.01268886802714,185.76085876781028,186.2962297111884,70400000
2024-05-16,188.2096405029297,189.458829238671,188.03119361367854,188.83423487080034,52845200
2024-05-17,188.23939514160156,189.17132485957902,187.55531842828847,187.88248620977504,41282900
2024-05-20,189.3993377685547,190.2717851507536,187.38677266186554,187.70403175639103,44361300
2024-05-21,190.69808959960938,191.07481584379752,189.28036268210627,189.44890089382775,42309400
2024-05-22,189.2605438232422,191.16406816634918,188.63596455316463,190.6187885434668,34648500
2024-05-23,185.27505493164062,189.35966699130785,185.0272019643745,189.33983451815809,51005900
2024-05-24,188.3484344482422,188.94328765804346,186.42509288132968,187.19840810516956,36327000
2024-05-28,188.3583526611328,191.34249703943843,187.47599667367734,189.86528785982966,52280100
2024-05-29,188.65577697753906,190.59895109353056,187.8824768517226,187.98162409974876,53068000
2024-05-30,189.6471710205078,190.52952698465035,188.99285067972127,189.12172393667825,49889100
2024-05-31,190.59893798828125,190.9161970579539,188.2790377703441,189.79589676882185,75158300
2024-06-03,192.3636474609375,193.31540952983562,190.86662095571478,191.24334718637152,50080500
2024-06-04,192.680908203125,193.64257895328527,191.37223723797064,192.96841099700254,47471400
2024-06-05,194.1878662109375,195.20901937445223,193.19645419760306,193.72190135445058,54156800
2024-06-06,192.80978393554688,194.81244022862765,192.50244866402238,194.0093990023229,41181800
2024-06-07,195.1990966796875,195.24867030234284,192.47271383884646,192.97832848334124,53103900
2024-06-10,191.46145629882812,195.60556579928584,190.49978557066368,195.20899197297106,97010200
2024-06-11,205.3709716796875,205.38089548057218,191.96709351098235,191.98691085726122,172373300
2024-06-12,211.2401580810547,218.3089152196564,205.1231328450552,205.58909768640683,198134300
2024-06-13,212.4001007080078,214.888539245905,209.7827737762817,212.8958066808934,97862700
2024-06-14,210.6651153564453,213.32209192759066,209.48533280144244,212.01343611534222,70122700
2024-06-17,214.80923461914062,217.06965275202606,210.89316027395952,211.53757201804441,93728300
2024-06-18,212.44964599609375,216.7523850703462,211.17073132176122,215.7213082393038,79943300
2024-06-20,207.8792266845703,212.40007736780652,207.0563681724187,212.0927269910851,86172500
2024-06-21,205.70806884765625,210.07027533194446,205.33132746963062,208.58315742215362,241805100
2024-06-24,206.35247802734375,210.87331399723786,204.8157865138524,205.93608683303725,80727000
2024-06-25,207.27450561523438,209.5646648210329,206.81844945769743,207.35380525957078,55549700
2024-06-26,211.41860961914062,213.0147835489249,208.83102368645302,209.68363861405976,66213200
2024-06-27,212.2613067626953,213.88722177256454,210.5263358320774,212.8462361886446,49772700
2024-06-28,208.81118774414062,214.2143951724623,208.49394377490637,213.91696855097956,82542700
2024-07-01,214.8885498046875,215.64201747450758,210.10002805599396,210.26856627972688,60402900
2024-07-02,218.3782958984375,218.48735180877674,213.2526983679821,214.293668724795,58046200
2024-07-03,219.64730834960938,219.64730834960938,217.14894613859082,218.11061688690268,37369800
2024-07-05,224.3961639404297,224.5052198536283,219.7464397478406,219.7464397478406,60412400
2024-07-08,225.86349487304688,225.89323602358715,221.33273465594922,225.1397532025748,59085900
2024-07-09,226.71607971191406,227.42989753320916,224.4259205051531,225.97252074204383,48076100
2024-07-10,230.97915649414062,231.0783037422216,227.28119408246098,227.3307677065015,62627700
2024-07-11,225.6156463623047,230.39424455320685,223.83110165559438,229.40283250811748,64710600
2024-07-12,228.5601043701172,230.64207551688347,226.71607753741577,226.9540218514806,53046500
2024-07-15,232.38697814941406,235.19267606238645,231.08823078613918,234.44911702590872,62631300
2024-07-16,232.8033447265625,234.24088892580107,230.3347237014565,232.98179160349451,43234300
2024-07-17,226.91436767578125,229.47221227385296,224.69359950369105,227.47946461019197,57345900
2024-07-18,222.2547149658203,228.46096321097224,220.36112971273346,228.3023336745397,66034600
2024-07-19,222.3836212158203,224.85224251867803,221.36246807560826,222.88925101284036,49151500
2024-07-22,222.03663635253906,225.82382229500527,221.17409763275575,225.06043082550624,48201800
2024-07-23,223.07760620117188,224.9910392063895,220.7676144514488,222.44310313331528,39960300
2024-07-24,216.6631622314453,222.86941075843336,215.26528287042115,222.07627816799848,61777600
2024-07-25,215.62220764160156,218.95335266428125,212.7768448313927,217.0498282561097,51391200
2024-07-26,216.08815002441406,217.6050090608147,214.15488466672127,216.8217851678197,41601300
2024-07-29,216.36575317382812,217.41664743865044,213.8971319294418,215.09674706599597,36311800
2024-07-30,216.92095947265625,218.4378186982869,214.26396731336547,217.30760956688079,41643800
2024-07-31,220.17276000976562,221.89782218872546,218.7352157578384,219.53825698895486,50036300
2024-08-01,216.48471069335938,222.55214689360594,215.15622233135366,222.44309097566543,62501000
2024-08-02,217.97183227539062,223.66254232334134,215.84030263063204,217.2679231335739,105568600
2024-08-05,207.4727783203125,211.66644653820467,194.31673780556494,197.38019703112641,119548600
2024-08-06,205.45030212402344,208.18660889381388,199.3432157724579,203.53688424769564,69660500
2024-08-07,208.01805114746094,211.80523672133984,204.61750047992084,205.12311510057037,63516400
2024-08-08,211.4781036376953,212.36045976406422,207.03658185433542,211.27982425167653,47161100
2024-08-09,214.3829345703125,214.91829038971974,210.1496011292121,210.27848952903548,42201600
2024-08-12,215.91148376464844,217.87674748817912,213.99585104906322,214.46235526228747,38028100
2024-08-13,219.62364196777344,220.23902400333975,217.38044783379533,217.38044783379533,44155300
2024-08-14,220.07029724121094,221.37054778476931,218.06532277692483,218.92885985517657,41960600
2024-08-15,223.04795837402344,223.67327566716008,221.1025352094067,222.9288560878089,46414000
2024-08-16,224.36807250976562,225.14226768918678,221.98592068094572,222.25391598005478,44340200
2024-08-19,224.20925903320312,224.30852103873067,221.38045847347976,224.0405257400108,40687800
2024-08-20,224.8246307373047,225.4797235950926,223.77252016614798,224.09014645304697,30299000
2024-08-21,224.71546936035156,226.28371522001356,223.37552309496598,224.8345868015738,34765500
2024-08-22,222.85939025878906,226.64103964823346,222.23407290784718,226.09512887719345,43695300
2024-08-23,225.15219116210938,226.52192810531062,222.66087229355688,223.98097823318813,38677300
2024-08-26,225.4896697998047,225.58893181224732,222.22415556593285,225.07279660900764,30602200
2024-08-27,226.33334350585938,227.14724957253156,223.21670725505913,224.31844891527626,35934600
2024-08-28,224.80479431152344,228.14971479709,224.0008084384826,226.22414704916858,38052200
2024-08-29,228.08023071289062,231.18694665641485,227.17701311839377,228.38793686624163,51906300
2024-08-30,227.296142578125,228.6857199244299,225.787447784096,228.47729089511273,52990800
2024-09-03,221.1125030517578,227.29614502733148,219.52440165721936,226.84949624301046,50190600
2024-09-04,219.20677185058594,220.12984491677884,215.86183603349318,220.01074262314262,43840200
2024-09-05,220.72537231445312,223.80229748015876,219.87177059333374,219.9809527371486,36615400
2024-09-06,219.17698669433594,223.56409767944487,218.13479623481732,222.28368749781316,48423000
2024-09-09,219.26632690429688,219.6236489368284,215.09757995493325,219.17700018247805,67180000
2024-09-10,218.47227478027344,219.83207646515766,215.1174187834135,217.29112653781655,51591000
2024-09-11,221.0032958984375,221.43008920211523,216.26878297144034,219.81222755985956,44587100
2024-09-12,221.1125030517578,221.88669831664953,218.18445530425632,220.84450772306226,37455600
2024-09-13,220.84449768066406,222.37303270856336,220.25889118684435,221.9164638014437,36766600
2024-09-16,214.71047973632812,215.60377723416104,212.32832783334672,214.92882889414335,59357400
2024-09-17,215.17697143554688,215.28615358843467,212.904016801209,214.14471619981742,45519300
2024-09-18,219.04795837402344,221.05293280374121,215.92138686335736,215.9313221513165,59894900
2024-09-19,227.1670684814453,228.11001204196916,222.9586262544957,223.31594824973243,66781300
2024-09-20,226.5020751953125,231.3556905514529,225.92638886705737,228.2589097535001,318679900
2024-09-23,224.7849578857422,227.74278104335218,224.12986496132828,225.64847983003366,54146000
2024-09-24,225.6782684326172,227.64354731931365,224.05047131587074,226.94874349226038,43556100
2024-09-25,224.68569946289062,225.59885242729763,222.3531936181764,223.2564112941643,42308700
2024-09-26,225.8271484375,226.79985253593196,223.73284722402752,225.608784129346,36636700
2024-09-27,226.09510803222656,227.81224676693589,225.60876359989413,226.76013618443497,34026000
2024-09-30,231.266357421875,231.266357421875,227.9412771261621,228.3283747151782,54541900
2024-10-01,224.5269012451172,227.94129335648356,222.0752779583648,227.81227091446172,63285000
2024-10-02,225.0926513671875,225.67825786117984,221.36063294746157,224.2092739820147,32880600
2024-10-03,223.9908905029297,225.12240767637772,221.65838486968212,223.46483520314058,34044200
2024-10-04,225.11248779296875,226.3035561118749,222.46235586119454,226.20429410810965,37245100
2024-10-07,220.04051208496094,224.01074997862722,219.68319006872073,222.8296017820206,39505400
2024-10-08,224.09014892578125,224.29857792676054,221.58889489724396,222.63108533790577,31855700
2024-10-09,227.8321075439453,228.04055170887608,223.1571606453159,223.554178398676,33591100
2024-10-10,227.33583068847656,227.7924147414137,225.47974919262126,226.08521111865923,28183500
2024-10-11,225.85690307617188,227.7030642360917,225.64845893034402,227.59388209213523,31759200
2024-10-14,229.5790252685547,230.00581860221664,226.89911753216435,226.99836439928595,39882100
2024-10-15,232.11004638671875,235.7229623804217,230.6410474142004,231.87182665313995,64751400
2024-10-16,230.05543518066406,230.3929017691756,228.12986736523644,229.87678174389526,34082200
2024-10-17,230.4226837158203,232.11004699556463,228.8048220166126,231.69315867439417,32993800
2024-10-18,233.25144958496094,234.42266235996354,232.26881036633287,234.42266235996354,46431500
2024-10-21,234.720458984375,235.08771628667242,232.7055644739604,232.7055644739604,36254500
2024-10-22,234.1051025390625,234.46242459274853,230.86936376892484,232.1497589598997,38846600
2024-10-23,229.04302978515625,233.39044533687328,226.0653512199268,232.33833466706656,52287000
2024-10-24,228.8544464111328,229.10258628095696,226.71051430099084,228.26882480795348,31109500
2024-10-25,229.68820190429688,231.484732210271,227.86189602437614,228.03062932515897,38802300
2024-10-28,231.66339111328125,232.98349712196287,230.81972458948547,231.58399967772363,36087100
2024-10-29,231.9313507080078,232.58644353988512,230.59140461944537,231.3655997315715,35417200
2024-10-30,228.387939453125,231.7328600109945,227.8420287171323,230.87925826342104,47070900
2024-10-31,224.2291259765625,228.11995749798112,223.69313535160188,227.63359787833264,64370100
2024-11-01,221.25144958496094,223.67329727363756,218.63109301833273,219.32588166379162,65276700
2024-11-04,220.35812377929688,221.13231895883285,218.0752491010658,219.34572401852256,44944500
2024-11-05,221.78741455078125,222.28369429475046,219.49460455688452,220.14969745378525,28111300
2024-11-06,221.0628662109375,224.3879467919736,219.54425129715867,220.95368405362794,54561100
2024-11-07,225.7874298095703,226.18446269494834,222.89909318788202,222.95864433437472,42137700
2024-11-08,225.51914978027344,227.20835428792034,224.9726384261151,225.72780810336752,38328800
2024-11-11,222.80648803710938,224.26715706282306,220.093823487321,223.5716039938927,42005600
2024-11-12,222.80648803710938,224.1578547832826,221.94201602014732,223.12446381828886,40398300
2024-11-13,223.69082641601562,225.2111120360391,221.34580821096,222.58787261698694,48566200
2024-11-14,226.77114868164062,227.41701609796436,223.57158960851197,223.59146688403666,44923900
2024-11-15,223.5715789794922,225.4793879673537,222.84621765747355,224.96268496170848,47923700
2024-11-18,226.5724334716797,228.28151537171908,223.74052045447314,223.82001439888424,44633700
2024-11-19,226.83074951171875,228.69881907074455,225.22103903072198,225.53899960732684,36211800
2024-11-20,227.5461883544922,228.47027695087482,224.45593165289552,226.61215353970658,35169600
2024-11-21,227.06924438476562,228.69883223369175,224.2770861035494,227.42695953023323,42108300
2024-11-22,228.41064453125,229.25525429365297,226.6121379068964,226.6121379068964,38168300
2024-11-25,231.3916015625,231.76919395430343,228.28148292479264,229.99056458191066,90152800
2024-11-26,233.56771850585938,234.07449047305911,231.84870566104107,231.84870566104107,45986200
2024-11-27,233.43853759765625,234.1937224347506,232.32565277909848,232.9814664022851,33498400
2024-11-29,235.8233184814453,236.3002669685808,232.48464874765904,233.31931239062584,28481400
2024-12-02,238.0689697265625,239.26134854667043,235.65440375298792,235.76370602927642,48137100
2024-12-03,241.10952758789062,241.21882985808793,237.3833345065081,238.28756099978403,38861000
2024-12-04,241.46725463867188,242.56027739454964,239.7184333911867,241.32814402991647,44383900
2024-12-05,241.49703979492188,242.9875169579372,240.59282850575005,242.44102079436578,40033900
2024-12-06,241.29832458496094,243.0769692456264,240.5431549096241,241.36788746709487,36870600
2024-12-09,245.1835174560547,245.67041216886827,240.21525975684386,240.29475369946152,44649200
2024-12-10,246.19703674316406,246.63424582967986,243.7824557106041,245.32261857013248,36914800
2024-12-11,244.9251708984375,249.20780656351602,244.69662013013263,246.3858398593606,45205800
2024-12-12,246.38583374023438,247.1608807008323,244.12029436088807,245.32261935264157,32777500
2024-12-13,246.55477905273438,247.70740339826426,244.6767781146993,246.24674947927724,33155300
2024-12-16,249.44625854492188,249.78411156803347,246.07778066556844,246.41563368868003,51694800
2024-12-17,251.8707733154297,252.21855739876366,248.19426586582333,248.49236434269267,51356400
2024-12-18,246.4752655029297,252.6657103008961,246.1672359539693,250.55917390522964,56774100
2024-12-19,248.20420837402344,250.4001849209636,245.52135228225407,245.92875304737495,60882300
2024-12-20,252.87437438964844,253.38113119374523,244.13023820234332,246.46531011815415,147495300
2024-12-23,253.6494140625,254.02699130961165,251.84096111600803,253.15258832932108,40858800
2024-12-24,256.5608215332031,256.5707374276886,253.66927695641888,253.868019379837,23234700
2024-12-26,257.3755798339844,258.44874034869076,255.99442012888886,256.55086249805703,27237100
2024-12-27,253.9673614501953,257.0576331183779,251.45342458389948,256.1931309155478,42355300
2024-12-30,250.59890747070312,251.890657464443,249.15811581542044,250.6287158030117,35557500
2024-12-31,248.83023071289062,251.67207488235135,247.84651017510492,250.83741118103507,39480700
2025-01-02,242.3019256591797,247.51859606258614,240.28481431614935,247.34966196417784,55740700
2025-01-03,241.81503295898438,242.62981931594805,240.3543640210219,241.81503295898438,40244100
2025-01-06,243.44461059570312,245.75982034447205,241.65603491404494,242.75898865424097,45045600
2025-01-07,240.6723175048828,243.99110961427562,239.81777667580207,241.4374181829594,40856000
2025-01-08,241.15921020507812,242.16280789951685,238.52603985831155,240.3841632667122,37628900
2025-01-10,235.3463592529297,238.63534322792128,231.52079498772144,238.48628640867517,61710900
2025-01-13,232.9119110107422,233.18020116738663,228.26162915914,232.04743903723335,49630700
2025-01-14,231.79901123046875,234.62097773623856,230.9941559742804,233.2596800887061,39435300
2025-01-15,236.35989379882812,237.4429855317883,232.94172997653553,233.1504034772107,39832000
2025-01-16,226.81088256835938,236.49898454969573,226.58234697208553,235.84318609247865,71759100
2025-01-17,228.5199432373047,230.81527553043833,227.02946614701875,230.6463566129693,68488300
2025-01-21,221.2265625,222.99526090225285,217.98726416864307,222.57792910461188,98070400
2025-01-22,222.4090118408203,222.6971640978084,218.39465138442915,218.39465138442915,64126500
2025-01-23,222.2401123046875,225.58871322146769,220.88874557201237,223.3132578125695,60234800
2025-01-24,221.36566162109375,224.19757422629087,220.00436403066544,223.35296445648333,54697900
2025-01-27,228.40074157714844,230.67619691244207,222.55806572164707,222.59782027357136,94863400
2025-01-28,236.7473907470703,238.66514594376807,229.3446904229109,229.38444497187513,75707600
2025-01-29,237.8404083251953,238.33723404319062,232.52436707787834,232.63366934231402,45486100
2025-01-30,236.0816650390625,239.26134692510684,235.7040877651042,237.1548105184623,55658300
2025-01-31,234.50177001953125,245.62073349000855,231.9580244316672,245.62073349000855,100959800
2025-02-03,226.56246948242188,230.35822543026035,224.2671369795404,228.52991033796462,73063300
2025-02-04,231.32208251953125,231.64998934854387,225.21111642561868,225.80731341689966,45067300
2025-02-05,230.99417114257812,231.19289841511937,226.82083777153602,227.0791817096477,39620300
2025-02-06,231.73939514160156,232.31571480889477,228.9670990724139,229.82163993606684,29925300
2025-02-07,226.18490600585938,232.5144614947352,225.81724462416,231.12335539671392,39707200
2025-02-10,226.45346069335938,229.378010419489,226.00582893863492,228.36338248973718,33115600
2025-02-11,231.3973388671875,233.99362125199642,226.93094812871882,227.000572314181,53718400
2025-02-12,235.625,235.71453849328682,229.4675323792709,229.98480349517558,45243300
2025-02-13,240.26052856445312,241.06626881430705,234.33186254170715,235.66481592241834,53614100
2025-02-14,243.3143768310547,244.25938055012708,239.7233505557091,239.9819785190441,40896200
2025-02-18,243.18507385253906,243.8913336127375,240.56889220053384,242.86674847770814,48822500
2025-02-19,243.5829620361328,244.716969605811,241.88195827091008,243.37407429304395,32204200
2025-02-20,244.53793334960938,245.48293716802547,243.006019001845,243.65261174603793,32316900
2025-02-21,244.25938415527344,247.38287960480025,243.93111682470231,244.6572756706751,53197400
2025-02-24,245.80125427246094,247.55199828948733,243.1353323966777,243.64264638435856,51326400
2025-02-25,245.74154663085938,248.68599549611233,243.62275227067275,246.69650753214344,48013300
2025-02-26,239.0966796875,243.69239232640413,237.87314875998453,243.04581476744292,44433600
2025-02-27,236.05274963378906,241.1856322165831,235.81400561415145,238.15166004001364,41153600
2025-02-28,240.5688934326172,240.8175794410065,228.9900734891547,235.70459571566596,56833400
2025-03-03,236.77891540527344,242.74737946323825,234.8690087281554,240.51914741730602,47184000
2025-03-04,234.68995666503906,238.80821160759587,233.4465266012979,236.46061504010896,53798100
2025-03-05,234.50096130371094,235.30670153327668,228.0251680036218,234.18263593082168,47227600
2025-03-06,234.09312438964844,236.60982567864426,231.93453157387603,233.207802772317,45170400
2025-03-07,237.8134765625,240.1013758235538,233.52611679034464,233.87428329281295,46273600
2025-03-10,226.2843780517578,234.9187645202326,223.04151782981955,234.30201287196223,72071200
2025-03-11,219.67926025390625,224.65298022983382,216.30707871737093,222.63365113389432,76137400
2025-03-12,215.8395538330078,220.58448707211764,213.7804415985268,218.98294858814833,62547500
2025-03-13,208.57791137695312,215.70028194858565,207.3245394208188,214.81496040955514,61368300
2025-03-14,212.36790466308594,212.8254784087618,208.4784519318959,210.13967261110687,60107600
2025-03-17,212.87521362304688,214.0888025037831,208.8663965620962,212.18883784213668,48073400
2025-03-18,211.57211303710938,214.019174884069,210.3784232206469,213.0343879953175,42432400
2025-03-19,214.10870361328125,217.6101915579757,212.6265295918345,213.0940604852241,54385400
2025-03-20,212.97470092773438,216.3468825511506,211.10457731145533,212.86527847830126,48862900
2025-03-21,217.12277221679688,217.68976839110027,210.16950634984832,210.4480334492585,94127800
2025-03-24,219.56982421875,220.31588216896776,217.43113083289424,219.838409330833,44299500
2025-03-25,222.573974609375,222.92214108802088,218.92326587520165,219.6096416779903,34493600
2025-03-26,220.36566162109375,223.8373240316035,219.31123529236447,222.33525071020298,34466100
2025-03-27,222.6734619140625,223.80746952519274,219.40074548587612,220.2263848697343,37094800
2025-03-28,216.75473022460938,222.63367141455515,216.53588531144595,220.50491967808455,39818600
2025-03-31,220.96249389648438,224.43414081005062,215.09349507460487,215.86939419548492,65299300
2025-04-01,222.01690673828125,222.5043215641154,217.74944665223015,218.65466729819107,36412700
2025-04-02,222.71324157714844,224.00641185945875,219.8583310514353,220.15675729790527,35905900
2025-04-03,202.1220245361328,206.39942653372108,200.19221885499383,204.45966369883956,103419000
2025-04-04,187.389892578125,198.82944937179326,186.35535024633944,192.87092693410324,125910900
2025-04-07,180.5062713623047,193.12956126210946,173.70221017135344,176.26865177501736,160466300
2025-04-08,171.5137481689453,189.33955773730443,168.32062862424334,185.71869040589692,120859500
2025-04-09,197.8048553466797,199.55559936553783,170.98654976711688,171.04623198001363,184395900
2025-04-10,189.4191436767578,193.7562279640405,182.03814529024513,188.07624843340898,121880000
2025-04-11,197.1085205078125,198.49121408156802,185.0820690088969,185.12186726950821,87435900
2025-04-14,201.45556640625,211.8207974391945,200.10271391024364,210.32868138530173,101352900
2025-04-15,201.07754516601562,202.44033954558066,198.74984792281177,200.7990180691496,51343900
2025-04-16,193.24891662597656,199.64511311117855,191.35889396287376,197.31741584829123,59732400
2025-04-17,195.94468688964844,197.7849695303218,193.39814444403507,196.16353180406117,52164700
2025-04-21,192.14476013183594,192.78139570274652,188.8123615658979,192.25418258208256,46742500
2025-04-22,198.69017028808594,200.53043756485187,194.93998119085117,195.08918671811182,52976400
2025-04-23,203.52464294433594,206.9067667134076,201.7341005812904,204.9172785719325,52929200
2025-04-24,207.27479553222656,207.73238443559362,201.87334307751462,203.81309077731203,47311000
2025-04-25,208.18003845214844,208.6475693809006,205.11622488486222,205.28532955589748,38222300
2025-04-28,209.03550720214844,210.38835967290976,206.3696005213303,208.89624364686077,38743100
2025-04-29,210.09988403320312,211.12446912484504,207.27479957627347,207.59312493762445,36827600
2025-04-30,211.38311767578125,212.45744310704663,205.58375784941018,208.19993964532281,52286500
2025-05-01,212.19879150390625,213.43226431553572,207.8020097882055,207.98107159612528,57365700
2025-05-02,204.2706756591797,205.90205512568554,201.09744003856807,205.00677646592024,101010600
2025-05-05,197.8446502685547,203.0272736250085,197.1682315771274,202.03252954096354,69018500
2025-05-06,197.46664428710938,199.5953960373684,195.98448530396325,197.16823320230833,51216500
2025-05-07,195.21852111816406,198.3917570874617,192.23428894820486,198.12317194216024,68536700
2025-05-08,196.45199584960938,198.99853803284546,193.65675249053749,196.68078271707188,50478900
2025-05-09,197.4865264892578,199.48595647897335,196.50172445806652,197.95405738682032,36453900
2025-05-12,209.95706176757812,210.4351760021984,205.93303241640405,210.1363584051843,63775800
2025-05-13,212.08859252929688,212.55673652410627,208.17412935394688,209.59847136477597,51909300
2025-05-14,211.490966796875,213.09460539099953,209.7478820292828,211.5905625216416,49325800
2025-05-15,210.6144561767578,212.11849916658366,208.71199985896817,210.11643191755599,45029500
2025-05-16,210.42518615722656,211.73002236916358,208.9410837213976,211.52084551122164,54737900
2025-05-19,207.9550018310547,208.65223273202483,203.45285841572866,207.0884445111699,46140500
2025-05-20,206.04258728027344,207.64622592622177,204.2198167548668,206.84938410987283,42496600
2025-05-21,201.2914276123047,206.22186440009241,199.91689108628387,204.3592586621154,59211800
2025-05-22,200.56431579589844,201.94882252859867,198.91087172706415,199.91689038506837,46742400
2025-05-23,194.49839782714844,196.9187884239126,192.69555244631704,192.9047141233614,78432900
2025-05-27,199.4188690185547,199.94677348688452,196.64984031499387,197.51641281084125,56288500
2025-05-28,199.62803649902344,201.9289060786693,199.11008702875665,199.79736291846774,45339700
2025-05-29,199.15988159179688,203.0046291598645,197.72556941325453,202.77554227533128,51396800
2025-05-30,200.05633544921875,201.1619498266407,196.00241099917397,198.5821728136608,70819900
2025-06-02,200.90296936035156,201.33127809714276,199.32921098525782,199.488582384924,35423300
2025-06-03,202.46676635742188,202.9647905668523,200.16589694161215,200.55435521702816,46381600
2025-06-04,202.01856994628906,205.42505409163678,201.30141378953226,202.10821066626008,43604000
2025-06-05,199.8372039794922,203.94091870107042,199.35908978394463,202.69585814733983,55126100
2025-06-06,203.11419677734375,204.8871617909174,201.2515910514923,202.19783403313102,46607700
2025-06-09,200.65394592285156,205.18596915505242,199.22960401477,203.58233063284266,72862600
2025-06-10,201.869140625,203.54250994980842,199.77744796710627,199.8073282051838,54672600
2025-06-11,197.9945068359375,203.69190510411792,197.62597377823997,202.69585666840098,60989900
2025-06-12,198.41285705566406,198.890956077424,196.58013147350607,198.29333609984755,43904600
2025-06-13,195.67372131347656,199.57822954037988,194.92668495173118,198.94075911963023,51447300
2025-06-16,197.63592529296875,197.90486262143017,195.78327462738756,196.52035592822918,43020700
2025-06-17,194.86691284179688,197.60604600468164,194.43861931524052,196.42074594971083,38856200
2025-06-18,195.80320739746094,196.7893008408277,194.2991796996429,195.16573699325735,45394700
2025-06-20,200.20574951171875,200.90298042554332,196.08210930882012,197.45666110928434,96813500
2025-06-23,200.70375061035156,201.50059236215068,198.1737943867686,200.83324176458547,55814300
2025-06-24,199.50851440429688,202.63610603642124,199.4089034764897,201.78945874554142,54064000
2025-06-25,200.7635498046875,202.8652129211553,199.82726170562196,200.6539838527012,39525700
2025-06-26,200.20574951171875,201.8392684520338,198.67184150130464,200.63404307360597,50799100
2025-06-27,200.28543090820312,202.41697405518968,199.20969672208463,201.09222774816857,73188600
2025-06-30,204.3592529296875,206.57048164253425,198.4726031076903,201.211736268348,91912800
2025-07-01,206.99879455566406,209.35942450018746,205.3254252695324,205.85332972802502,78788900
2025-07-02,211.60052490234375,212.4969623845337,207.31751373506327,208.08447525999887,67941800
2025-07-03,212.70614624023438,213.8017903991559,210.97301649264048,211.31166931275297,34955800
2025-07-07,209.120361328125,215.37554414763466,207.97491173225177,211.8395692407974,50229000
2025-07-08,209.1801300048828,210.59451698338924,207.6262968509882,209.26978591644843,42848900
2025-07-09,210.30567932128906,210.49493096772343,206.40117103180637,208.7020406311003,48749400
2025-07-10,211.57064819335938,212.6364120977978,209.2000480941239,209.678147079363,44443600
2025-07-11,210.32557678222656,211.29174491390697,209.0307108656814,209.73791189344956,39765800
2025-07-14,207.7956085205078,210.07656782568804,206.719874444485,209.10042946873696,38840100
2025-07-15,208.28369140625,211.05270487364396,208.09443976951917,208.39325734338402,42296300
2025-07-16,209.32955932617188,211.5606982702429,207.81556132948495,209.46900551017632,47490500
2025-07-17,209.1901092529297,210.9630743588066,208.7618004967043,209.7379389650813,48068100
2025-07-18,210.3455047607422,210.95309492429405,208.87135730762196,210.0367321724359,48974600
2025-07-21,211.640380859375,214.92734394651046,210.79374875413163,211.26189276464606,51377400
2025-07-22,213.5527801513672,214.1006098348481,211.39135685335447,212.29776458434165,46404100
2025-07-23,213.30377197265625,214.29982043425818,211.57065737650467,214.15041924441525,46989300
2025-07-24,212.91531372070312,214.83769515517375,212.68622683006964,213.05475989741393,46022600
2025-07-25,213.0348358154297,214.38946224202752,212.55672164240056,213.85158759699283,40268800
2025-07-28,213.2041778564453,214.00101967144602,212.2180844005514,213.18425263148458,37858000
2025-07-29,210.43515014648438,213.96115480223384,209.9869314052821,213.33363944545516,51411700
2025-07-30,208.22393798828125,211.5507362671114,206.89919168476044,211.06266703997414,45512500
2025-07-31,206.74978637695312,209.01080544085684,206.3414028602417,207.66614913739534,80698400
2025-08-01,201.58030700683594,212.7360475386617,200.7037794341265,210.03674932642843,104434500
2025-08-04,202.5464630126953,207.0585613783641,200.88304868853191,203.70186769022786,75109300
2025-08-05,202.11814880371094,204.52858421879685,201.36115745633876,202.59624780213056,44155100
2025-08-06,212.40733337402344,214.52892145014,204.77759854868273,204.81744899810374,108483100
2025-08-07,219.16053771972656,219.97730473834642,215.7241736307253,218.01508808955717,90224800
2025-08-08,228.44371032714844,230.08718413442585,218.3836152444713,219.95737356583322,113854000
2025-08-11,226.53909301757812,228.91238364576833,224.12592192869855,227.27701087414155,61806100
2025-08-12,229.00213623046875,230.14890113463383,226.42942796921326,227.36676338645532,55626200
2025-08-13,232.6717529296875,234.33703985510917,229.77992501054072,230.4181341091737,69878500
2025-08-14,232.12330627441406,234.4567012802976,230.19875827485632,233.39969406647393,51916300
2025-08-15,230.93666076660156,233.61907447658757,228.69300821277216,233.3398655982593,56038700
2025-08-18,230.23863220214844,232.46233685580373,229.46083388892833,231.04634466466607,37476200
2025-08-19,229.90956115722656,232.2130419457167,228.70298322789472,230.62753117126795,39402600
2025-08-20,225.3723907470703,229.81981519856654,225.13307755654054,229.33119207499826,42263900
2025-08-21,224.26551818847656,225.88095827873425,223.14868274098328,225.63166356522294,30621200
2025-08-22,227.11746215820312,228.44371192910324,224.77410085849388,225.53195134940427,42477800
2025-08-25,226.5191650390625,228.65312729963858,225.59178073979155,225.84107546750252,30983100
2025-08-26,228.6630859375,228.84258604761433,224.05612439304167,226.22996704217394,54575100
2025-08-27,229.83978271484375,230.24861452224957,227.61606269083353,227.96508141122786,31259500
2025-08-28,231.90391540527344,232.7515235304584,228.692998228932,230.16883391080088,38074700
2025-08-29,231.485107421875,232.7216147258446,230.71727541448905,231.85405874294378,39418400
2025-09-02,229.07192993164062,230.19874691737337,226.3296880547272,228.60325464814514,44075600
2025-09-03,237.79725646972656,238.17618932549604,233.69885053091846,236.5408165177042,66427800
2025-09-04,239.10353088378906,239.22318747047024,236.07211403385233,237.7772812570227,47549400
2025-09-05,239.01380920410156,240.63921565449175,237.8171975861315,239.3229322237051,54870400
2025-09-08,237.20892333984375,239.47250850410185,235.6732593017711,238.62491556233425,48999500
2025-09-09,233.6888885498047,238.10638391026913,232.70167593051625,236.33140663047269,66313900
2025-09-10,226.1501922607422,231.76431424305812,225.31256565050364,231.53496736029473,83440800
2025-09-11,229.38107299804688,229.7998863317909,226.01060327291316,226.23996538709508,50208600
2025-09-12,233.40968322753906,233.84842918261825,228.373926506362,228.57335925244223,55824200
2025-09-15,236.03224182128906,237.5180438551372,234.36695488957946,236.33139853346725,42699500
2025-09-16,237.4781494140625,240.53949594661788,235.65332541334,236.51088466190768,63421100
2025-09-17,238.3157958984375,239.42266510979977,237.05934071942244,238.2958480596019,46508000
2025-09-18,237.20892333984375,240.51954939992544,235.98238232851827,239.29302360434258,44249600
2025-09-19,244.8074188232422,245.60516498271895,239.53234916144805,240.5494606794321,163741300
2025-09-22,255.35755920410156,255.9160073848096,247.42002368458668,247.5995237986898,105517400
2025-09-23,253.7122344970703,256.6140289111009,252.86464151383097,255.15815615601056,60275200
2025-09-24,251.59820556640625,255.01853710208397,250.33178410429736,254.49999981420794,42303700
2025-09-25,256.14532470703125,256.4444966190252,250.99989343760635,252.49566170312627,55202100
2025-09-26,254.7393341064453,256.8732963908738,253.06406560531616,253.38317016390945,46076300
2025-09-29,253.7122344970703,254.28063380560434,252.29624220529692,253.8418726304012,40127700
2025-09-30,253.9116668701172,255.1980209495745,252.39595068950493,254.1410137555297,37704300
2025-10-01,254.72933959960938,258.0599285933123,254.21080232618834,254.32049261064776,48713900
2025-10-02,256.40460205078125,257.45162766856953,253.43299812845933,255.85613542550084,42630200
2025-10-03,257.2920837402344,258.5086431914624,253.23357360959045,253.9515436206674,49155600
2025-10-06,255.9658660888672,258.339156849437,254.33049322602108,257.262186546101,44664100
2025-10-07,255.75645446777344,256.6738420114173,254.70939836699205,256.0855101139428,31955800
2025-10-08,257.33197021484375,257.7906639625656,255.3874592951906,255.7963062732735,36496900
2025-10-09,253.32330322265625,257.27213808351553,252.42584836214985,257.08267167133846,38322000
2025-10-10,244.57806396484375,255.6567217403356,243.3116425485481,254.2207817432353,61999100
2025-10-13,246.96133422851562,248.98560621270488,244.86725241658198,248.67648318296307,38142900
2025-10-14,247.07101440429688,248.14796941642882,244.00966795095763,245.90431694508948,35478000
2025-10-15,248.63658142089844,251.10959602979932,246.77186176083558,248.78616738422895,33893600
2025-10-16,246.7519073486328,248.33741809379524,244.43846029169785,247.54965348458146,39777000
2025-10-17,251.5782470703125,252.66518358811555,246.57242016484557,247.3203043073955,49147000
2025-10-20,261.50018310546875,263.63416054313814,254.90884523128253,255.168106265739,90483000
2025-10-21,262.0286865234375,264.5415968076956,261.0913359303388,261.141213133835,46695900
2025-10-22,257.7209167480469,262.1084981259862,254.70941678507808,261.9090501595624,45015300
2025-10-23,258.8476867675781,259.8847613495841,257.28213901467177,259.206686997747,32754900
2025-10-24,262.07855224609375,263.3848541030092,258.44880663072195,260.4531458541269,38253700
2025-10-27,268.0516357421875,268.3607587413759,263.9033682058253,264.13273028939324,44888200
2025-10-28,268.2410888671875,269.12859257872884,267.39348082722177,268.23110734142335,41534800
2025-10-29,268.93914794921875,270.6443152614699,266.35642794866993,268.5203194424725,51086700
2025-10-30,270.63433837890625,273.36662916750566,267.72259312931254,271.2226702585742,69886500
2025-10-31,269.60723876953125,276.53764389728985,268.4006608909581,276.2085578376442,86167100
2025-11-03,268.2909851074219,270.08592548154905,265.4988962118729,269.6571458353552,50194600
2025-11-04,269.2781982421875,270.72408938596277,266.86501191822913,267.5730004152706,49274800
2025-11-05,269.3778991699219,270.93349568379296,266.17693326929896,267.8521863717013,43683100
2025-11-06,269.0089416503906,272.6287059365568,267.1342708755924,267.1342708755924,51204000
2025-11-07,267.7126159667969,271.5218466038475,266.0173996929098,269.03885049148494,48227400
2025-11-10,268.9303283691406,273.2223721938244,266.9639805623884,268.46119877683986,41312400
2025-11-11,274.73956298828125,275.3983427074405,269.2996575494418,269.3096487524697,46208300
2025-11-12,272.962890625,275.2187095291286,271.19618380015726,274.49005224267427,48398000
2025-11-13,272.4438171386719,276.1868626363035,271.58539619817094,273.6016390736082,49602800
2025-11-14,271.90484619140625,275.4482508823214,269.10005949599775,270.5473523374902,47431300
2025-11-17,266.9639892578125,269.98836893107386,265.237217022597,268.3214829895084,45018300
2025-11-18,266.94403076171875,270.20795552947055,264.8279672087311,269.48928956232544,45677300
2025-11-19,268.0619812011719,271.70520656667077,265.0076580872151,265.0376012369211,40424500
2025-11-20,265.7562561035156,274.91922505965954,265.42688147061517,270.327749378444,45823600
2025-11-21,270.98651123046875,272.8230952896135,265.17732758833057,265.4568071090486,59030800
2025-11-24,275.4083557128906,276.48633959077114,270.397645153795,270.397645153795,65585800
2025-11-25,276.45635986328125,279.8600396675645,274.7395483878858,274.75950033189645,46914200
2025-11-26,277.0353088378906,279.0116481613461,276.11703191175064,276.4464065684995,33431400
2025-11-28,278.3328857421875,278.4826014787427,275.4781737009374,276.7458380127342,20135600
2025-12-01,282.57501220703125,282.89442609469603,275.62792768573877,277.4944549964911,46587700
2025-12-02,285.6592712402344,286.86701880065203,282.10587559562896,282.47518456741903,53669500
2025-12-03,283.623046875,288.0847586222564,282.77461708045536,285.6692634925469,43538700
2025-12-04,280.179443359375,284.20196835267484,278.07334059490756,283.5731318378766,43989100
2025-12-05,278.26300048828125,280.6186397013617,277.53434330937836,280.01974631085085,47265800
2025-12-08,277.3746643066406,279.15136205700173,275.6378704438954,277.6142094762677,38211800
2025-12-09,276.6659851074219,279.5107061083118,276.4064879695729,277.6441787437343,32193300
2025-12-10,278.26300048828125,279.2312028389952,275.92734368017386,277.23491184461454,33038300
2025-12-11,277.514404296875,279.07150890817053,273.3022288840155,278.5824273392719,33248000
2025-12-12,277.763916015625,278.70217518025987,276.30663218031253,277.38461586894516,39532900
2025-12-15,273.6016540527344,279.63046152672615,272.33402020742307,279.63046152672615,50409100
2025-12-16,274.1007385253906,274.9891026980292,271.2859911871425,272.3140798989353,37648600
2025-12-17,271.33587646484375,275.6478724530811,271.13626563598973,274.50001118897205,50138700
2025-12-18,271.68524169921875,273.12257373871984,266.4549687260805,273.1025913325419,51630700
2025-12-19,273.1625061035156,274.09077415448866,269.399477884542,271.6453053723066,144632000
2025-12-22,270.4674987792969,273.37210596231955,270.00836035897595,272.3539780142796,36571800
2025-12-23,271.85491943359375,271.99467443806464,269.06012395403746,270.3377490962612,29642000
2025-12-24,273.3022155761719,274.9192064044749,271.69521595033444,271.8349404799371,17910600
2025-12-26,272.89300537109375,274.8593534534055,272.35399820928086,273.65160578690546,21521800
2025-12-29,273.2523498535156,273.8512128461511,271.8449608988494,272.1843267483383,23715200
2025-12-30,272.57354736328125,273.57169281796894,271.77504318392386,272.30405905646904,22139600
2025-12-31,271.3558349609375,273.17246717497864,271.24605357156486,272.553621806917,27293600
2026-01-02,270.5074462890625,277.32476727085935,268.5011639041959,271.7551282774649,37838100
2026-01-05,266.764404296875,271.00652312062255,265.64648609237463,270.1381413175191,45647200
2026-01-06,261.87347412109375,267.05385240251036,261.63392891626114,266.5048844877732,52352100
2026-01-07,259.84722900390625,263.1910228349833,259.3282042611396,262.7119324450406,48309800
2026-01-08,258.55963134765625,258.80916773471864,255.22581364132833,256.5433578451618,50419300
2026-01-09,258.8890075683594,259.7274461787287,255.74485516422806,258.5995368285105,39997000
2026-01-12,259.7673645019531,260.81540508500296,256.32375036738995,258.679389570116,45263800
2026-01-13,260.5658874511719,261.3244878277737,257.9108470550362,258.24022168851656,45730800
2026-01-14,259.4779052734375,261.33447181199796,256.23393227813756,259.0087756526009,40019400
2026-01-15,257.7311706542969,260.55593980217856,256.57331808587395,260.16664839115424,39388600
2026-01-16,255.05612182617188,258.41986733264514,254.4572284259222,257.4217218192236,72142800
2026-01-20,246.2425079345703,254.31750190322293,242.9685916985444,252.26132447540706,80267500
2026-01-21,247.1907501220703,251.09350304772093,244.72532928784554,248.23880604127606,54641700
2026-01-22,247.8894500732422,250.53452965267718,247.68980878155546,248.737864640942,39708300
2026-01-23,247.58001708984375,248.94748685874615,244.22624741136653,246.86136630134166,41689000
2026-01-26,254.93637084960938,256.08423219515316,249.33677343540953,251.01365072947274,55969200
2026-01-27,257.7910461425781,261.4642450011371,257.73115984508394,258.6894015269614,49648300
2026-01-28,255.96444702148438,258.3799421919039,254.03801819206552,257.1721946066941,41288000
2026-01-29,257.801025390625,259.16847988830324,253.93820707645818,257.52154586161765,67253000
2026-01-30,258.99884033203125,261.4143357105436,251.71235892004358,254.6968198516284,92443400
2026-02-02,269.50927734375,269.98836769074944,258.72928762151224,259.5477742456141,73913400
2026-02-03,268.98028564453125,271.3758289780004,267.11372779647115,268.70080609664296,64394700
2026-02-04,275.97723388671875,278.432693698261,271.7850411492978,271.7850411492978,90545700
2026-02-05,275.3983459472656,278.98168486317746,272.72332314901723,277.6142303156022,52977400
2026-02-06,277.6042175292969,280.3890519626743,276.4164219647768,276.6060720438839,50453400
2026-02-09,274.3672180175781,277.9439398399519,271.4499228389202,277.6541982366954,44623400
2026-02-10,273.4280700683594,275.11651686144285,272.68876099546605,274.6369782150198,34376900
2026-02-11,275.24639892578125,279.92208361183503,274.1973776592452,274.44714753122867,51931300
2026-02-12,261.4891052246094,275.46621856633783,259.94051360693726,275.3363333447182,81077200
2026-02-13,255.5445556640625,261.9886306947134,255.21485759663088,261.7688319830923,56290700
2026-02-17,263.6371154785156,266.0449008431299,255.30478047881587,257.8124646511843,58469100
2026-02-18,264.106689453125,266.57441720150126,262.20844437502524,263.35737977838915,34203300
2026-02-19,260.3401184082031,264.2365527856389,259.81060750150084,262.35827847824623,30845300
2026-02-20,264.3364562988281,264.5063132392292,257.9223826043077,258.73163460792017,42070500
2026-02-23,265.9349670410156,269.1819753311392,263.13755670993424,263.24744081710827,37308200
2026-02-24,271.8895263671875,274.6369951599546,267.46358073991865,267.61343657617186,47014600
2026-02-25,273.97760009765625,274.6869380517792,270.8005039088116,271.5298429675081,33714300
2026-02-26,272.6987609863281,275.8558253670768,270.55071567552415,274.6969199809464,32345100
2026-02-27,263.93682861328125,272.5588900215503,262.6480379442022,272.5588900215503,72366500
2026-03-02,264.476318359375,266.2846497598317,259.960490133898,262.16844722421786,41827900
2026-03-03,263.5072326660156,265.31556422164516,259.8905695547566,263.23749216234586,38568900
2026-03-04,262.2783508300781,265.9050144519466,261.179387723623,264.4063951364299,39803100
2026-03-05,260.0504150390625,261.3192350446657,257.01320478174756,260.54995479568396,49658600
2026-03-06,257.2229919433594,258.53178361058343,254.13584003818684,258.39192833924307,41120000
2026-03-09,259.6407775878906,260.9095975388004,253.44647267699952,255.45463216869055,38218500
2026-03-10,260.58990478515625,262.2384104290217,256.71350175461305,257.4128391437035,30590800
2026-03-11,260.5699157714844,261.888707997661,259.3110658747261,260.8496568052655,26218900
2026-03-12,255.52456665039062,258.71164792954545,253.94601921584928,258.4219063383753,40794000
2026-03-13,249.8897705078125,256.0940459350445,249.29033192864068,255.24483747003174,36930000
2026-03-16,252.58729553222656,253.6563027081548,249.6499992581203,251.87794235419486,32074200
2026-03-17,253.99598693847656,254.89516767044782,251.94787083452104,252.72716690012706,32361600
2026-03-18,249.70994567871094,254.70534343896443,248.7708084606242,252.3974721128864,35757900
2026-03-19,248.73085021972656,251.5982036354298,247.0723745163624,249.17043241392184,34864100
2026-03-20,247.76173400878906,248.97061168291066,245.77356028907465,247.7517334570195,88331100
2026-03-23,251.25851440429688,254.3656523266213,250.0496214753341,253.73622734962268,40546100
2026-03-24,251.4083709716797,254.5954370944537,249.32029842391177,250.1195650925759,45152300
2026-03-25,252.38746643066406,254.76528059453105,251.3684162845015,253.86611511385965,28476700
2026-03-26,252.6572265625,256.76344411909713,250.53918279672283,251.88793104116345,41796700
2026-03-27,248.57098388671875,255.2548282141602,247.8416601166152,253.666280215245,47900000
2026-03-30,246.40298461914062,250.63907198816298,245.28400520065438,249.83982057534305,39446200
2026-03-31,253.55638122558594,255.24482803058763,246.87255213324852,247.6818040942864,49598100
2026-04-01,255.3946990966797,255.94418062939917,253.096813183035,253.8461228128272,40059400
2026-04-02,255.68443298339844,255.89424639361263,250.4192795609811,253.96601496217014,31289400
2026-04-06,258.6217041015625,261.9186847371787,256.2239194053331,256.27389167390277,29329900
2026-04-07,253.26666259765625,255.96418954301222,245.47383916108728,255.92421782448065,62148000
2026-04-08,258.66168212890625,259.51090582044134,256.29386854025813,258.2121146377317,41032800
2026-04-09,260.2502136230469,260.879638597066,255.8342992320816,258.7615948993736,28121600
2026-04-10,260.240234375,261.94865175168746,258.78155637925676,259.7406946341393,31291500
2026-04-13,258.96142578125,259.9405042051452,256.4237552437805,259.49093671136296,36234700
2026-04-14,258.59173583984375,261.68888841493145,256.9532612999924,259.01136264890187,48370700
2026-04-15,266.18475341796875,266.3146386359468,257.57269269729437,257.92237663273806,49913500
2026-04-16,263.15753173828125,266.91408037974617,261.0294875448873,266.55439590858066,43323100
2026-04-17,269.98126220703125,272.0493335842862,266.47448343207725,266.7142527536172,61436200
2026-04-20,272.79864501953125,274.0275237795767,270.04120633500696,270.08114756253855,36590200
2026-04-21,265.9250183105469,272.5488901425708,265.1557075406741,271.250098918132,50209800
2026-04-22,272.9185791015625,273.48803128351057,266.62435952726383,267.5734973129919,43249200
2026-04-23,273.1783142089844,275.5161566987003,271.39995382845746,274.79681820267325,33399600
2026-04-24,270.81048583984375,272.80864483253174,269.4017800912603,272.50893317942314,38157100
2026-04-27,267.3636474609375,268.1129570778125,264.8260075108844,265.84505761361925,41466800
2026-04-28,270.4608154296875,272.97851539952296,268.4127145556596,272.0893199684016,40018900
2026-04-29,269.92132568359375,270.7905199823619,266.7942019267937,267.3037117460274,30047900
2026-04-30,271.1002502441406,275.7459641951834,267.893213328058,270.25102650288807,91848200
2026-05-01,279.88214111328125,286.95561044034525,278.1137509144006,278.6032901046287,79915400
2026-05-04,276.5751647949219,280.3716851917065,274.60697695873915,279.4025768563376,46668400
2026-05-05,283.9184265136719,284.30808218316156,276.2455026895375,276.6750995896243,49311700
2026-05-06,287.245361328125,287.76487170009636,280.8112868075762,281.66051049385584,58336100
2026-05-07,287.1754150390625,291.8611003514943,285.5169394038565,289.00371711581823,45224300
2026-05-08,293.0500183105469,294.4886952888782,289.7330669166447,289.7430674686918,52692800
2026-05-11,292.67999267578125,293.8800048828125,290.2300109863281,291.9800109863281,42247300
2026-05-12,294.79998779296875,295.2699890136719,292.55999755859375,292.55999755859375,45748100
2026-05-13,298.8699951171875,300.9200134277344,293.5,293.5,52684300
2026-05-14,298.2099914550781,300.45001220703125,295.3800048828125,299.82000732421875,35324900
2026-05-15,300.2300109863281,303.20001220703125,296.5199890136719,297.8999938964844,54862800
2026-05-18,297.8399963378906,300.6600036621094,294.9100036621094,300.239990234375,34483000
2026-05-19,298.9700012207031,300.510009765625,296.3500061035156,296.9700012207031,42243600
2026-05-20,302.25,302.79998779296875,298.0799865722656,298.17999267578125,38229800
2026-05-21,304.989990234375,305.5400085449219,300.3999938964844,301.05999755859375,42965100
2026-05-22,308.82000732421875,311.3999938964844,305.8399963378906,306.1199951171875,43670200
2026-05-26,308.3299865722656,311.82000732421875,307.6700134277344,309.55999755859375,48000500
2026-05-27,310.8500061035156,313.260009765625,308.29998779296875,308.3299865722656,50430900
2026-05-28,312.510009765625,312.79998779296875,309.57000732421875,310.67999267578125,48220400
2026-05-29,312.05999755859375,315.0,309.5299987792969,311.7799987792969,70026800
2026-06-01,306.30999755859375,310.94000244140625,305.0199890136719,309.6300048828125,48849900
2026-06-02,315.20001220703125,315.45001220703125,306.69000244140625,307.4599914550781,44534700
2026-06-03,310.260009765625,316.94000244140625,308.8500061035156,314.17999267578125,50836700
2026-06-04,311.2300109863281,313.5400085449219,309.6499938964844,313.2300109863281,44869100
2026-06-05,307.3399963378906,315.1700134277344,307.1499938964844,312.8599853515625,65310500
2026-06-08,301.5400085449219,317.3999938964844,301.1700134277344,308.739990234375,77949100
2026-06-09,290.54998779296875,300.75,287.7799987792969,300.2799987792969,70108800
2026-06-10,291.5799865722656,294.75,287.3800048828125,290.739990234375,52793300
2026-06-11,295.6300048828125,297.0,289.5899963378906,293.7200012207031,42572500
2026-06-12,291.1300048828125,297.1400146484375,289.6199951171875,296.0299987792969,38742100
2026-06-15,296.4200134277344,297.7799987792969,291.70001220703125,294.1199951171875,45732600
2026-06-16,299.239990234375,300.4800109863281,293.9700012207031,295.25,39874400
2026-06-17,295.95001220703125,302.07000732421875,294.3599853515625,300.8500061035156,42745100
2026-06-18,298.010009765625,300.57000732421875,295.6199951171875,298.1099853515625,85962200
2026-06-22,297.010009765625,302.4200134277344,296.760009765625,297.30999755859375,44879900
2026-06-23,294.29998779296875,301.6400146484375,294.17999267578125,297.5400085449219,52010900
2026-06-24,293.0799865722656,299.70001220703125,292.94000244140625,295.3599853515625,53081900
2026-06-25,275.1499938964844,288.79998779296875,273.75,287.3999938964844,107013700
2026-06-26,283.7799987792969,285.95001220703125,274.2099914550781,275.0,261775500
2026-06-29,281.739990234375,288.3699951171875,279.8500061035156,286.7300109863281,66427000
2026-06-30,289.3599853515625,289.94000244140625,280.70001220703125,281.1700134277344,65100200
2026-07-01,294.3800048828125,296.5899963378906,289.20001220703125,293.44000244140625,50164200
2026-07-02,308.6300048828125,309.4200134277344,293.67999267578125,294.1199951171875,75352800
2026-07-06,312.6600036621094,314.20001220703125,307.0,307.3599853515625,53590000
2026-07-07,310.6600036621094,315.4800109863281,310.1499938964844,315.2900085449219,42490000
2026-07-08,313.3900146484375,314.82000732421875,307.04998779296875,311.9100036621094,41323500
2026-07-09,316.2200012207031,316.5299987792969,308.1600036621094,310.510009765625,48124500
2026-07-10,315.32000732421875,316.9100036621094,312.1700134277344,314.7200012207031,34132300
2026-07-13,317.30999755859375,323.45001220703125,315.7799987792969,317.0199890136719,43257800
2026-07-14,314.8599853515625,316.19000244140625,311.9100036621094,313.760009765625,36336800
2026-07-15,327.5,328.7300109863281,317.32000732421875,317.6199951171875,60957600
2026-07-16,333.260009765625,334.67999267578125,326.7900085449219,328.010009765625,62970600
2026-07-17,333.739990234375,334.989990234375,329.0,331.9800109863281,63407100
2026-07-20,326.5899963378906,333.7099914550781,323.67999267578125,333.510009765625,53468000
2026-07-21,327.739990234375,329.6000061035156,322.2200012207031,323.1300048828125,41338900
2026-07-22,325.8900146484375,329.0,323.3399963378906,327.8699951171875,38755900
2026-07-23,321.6600036621094,323.29998779296875,319.3500061035156,321.7300109863281,40840800
2026-07-24,333.0199890136719,334.3699951171875,321.6199951171875,321.7900085449219,47489400
2026-07-27,336.9100036621094,339.57000732421875,334.0199890136719,334.5400085449219,49604300
2026-07-28,340.0799865722656,342.8900146484375,335.6000061035156,340.0299987792969,51859000
2026-07-29,338.19000244140625,344.57000732421875,337.3500061035156,339.7300109863281,56090800
2026-07-30,333.42999267578125,334.75,329.5899963378906,333.1000061035156,74817800
2026-07-31,308.9100036621094,310.69000244140625,300.0,304.80999755859375,132489100
2026-08-03,303.4200134277344,311.79998779296875,302.55999755859375,309.5799865722656,75052000
2026-08-04,309.3800048828125,310.4200134277344,301.32000732421875,302.7300109863281,67882600
2026-08-05,308.0,311.70819091796875,305.6700134277344,309.3599853515625,20002212
